{
    "data": [
        {
            "id": "1403768719109758979",
            "text": "\u26bd Confirmados los 28 para la #CopaAmerica2021 en #DEPORTIVOIP queremos saber qu\u00e9 pens\u00e1s sobre el modo de Scaloni para definir la lista... \ud83d\udd25\ud83d\udc47"
        },
        {
            "id": "1403751026541436929",
            "text": "\ud83d\udc89 La Provincia de Buenos Aires lleg\u00f3 a 5.991.302 personas vacunadas contra el COVID-19, desde el comienzo de la pandemia. \ud83d\udc47\n\nhttps://t.co/1YJtcJ0Zle"
        },
        {
            "id": "1403750693526179852",
            "text": "\u26a1\ufe0fLos fan\u00e1ticos de Marvel est\u00e1n felices: Loki, el Dios del Enga\u00f1o, llega con serie propia en exclusiva para Disney Plus. Todos lo detalles te los cuentan @guilloleoz @yesroth y @rippyrizza en @MalditosNerdsVX \ud83d\udc47\n\nhttps://t.co/ctzcgKCce5"
        },
        {
            "id": "1403750071141908486",
            "text": "\ud83d\udd34 La Ciudad de Buenos Aires registr\u00f3 un total de 2.015 nuevos contagios de COVID-19, en las \u00faltimas 24 horas. \ud83d\udc47\n\nhttps://t.co/TnsfnjmHlz"
        },
        {
            "id": "1403748315678883841",
            "text": "\ud83d\udc89\ud83c\udde6\ud83c\uddf7 Argentina super\u00f3 las 370 mil aplicaciones contra el COVID-19 en las \u00faltimas 24 horas, con un total de 372.518 en todo el territorio nacional. \n\n\ud83d\udc49: https://t.co/rJmYAaMF16"
        },
        {
            "id": "1403536063335895041",
            "text": "\ud83d\udc49 Rodrigo Morabito, juez de Responsabilidad Juvenil N\u00b0 1 de la provincia de Catamarca, cont\u00f3 en #Redacci\u00f3nIP la historia de un caso de robo donde la v\u00edctima perdon\u00f3 al ladr\u00f3n y evit\u00f3 la c\u00e1rcel.\n\nCon @andresfidanza, @blancopatricia y @leandrorenou1.\n\nhttps://t.co/R0yaqbbFy7"
        },
        {
            "id": "1403533798697050116",
            "text": "El Decreto de Necesidad y Urgencia prev\u00e9 las cuatro fases sanitarias que ya rigen desde el anterior DNU presidencial, de acuerdo a las fases de riesgos epidemiol\u00f3gicos y sanitarios: zonas de bajo riesgo, de riesgo medio, de alto riesgo y de alarma.\n\nhttps://t.co/urFPr0nwB9"
        },
        {
            "id": "1403531246668369920",
            "text": "\ud83d\udcfa | Todas las noches a las 23 llega #IP30, un resumen de la programaci\u00f3n del d\u00eda.\n\n1\u20e3 Ernesto Resnik y Mart\u00edn Barrionuevo en #Redacci\u00f3nIP.\n2\u20e3 Ricardo Alfons\u00edn en #IPNoticias.\n3\u20e3 S\u00faper jueves en Diputados.\n4\u20e3 La dise\u00f1adora Jesica Pullo.\n\nCon @moviortiz.\n\nhttps://t.co/SWHLR8MHLS https://t.co/yGcc8N9wvY"
        },
        {
            "id": "1403526461970124800",
            "text": "\ud83d\udcfa#AHORA| \"Es un claro ejemplo de que las personas nos podemos equivocar\", Mario Rodrigo Morabito, juez de Catamarca sobre el caso en que la v\u00edctima perdon\u00f3 al ladr\u00f3n.\n\nMir\u00e1  #Redacci\u00f3nIP con @andresfidanza @leandrorenou1  y @blancopatricia ac\u00e1 \ud83d\udc49 https://t.co/PgSaBmb7Ec https://t.co/DP49HO2Uum"
        },
        {
            "id": "1403526269711572993",
            "text": "\ud83d\udcfa#AHORA| \"Nos vimos sorprendidos por el emotivo momento entre la v\u00edctima y el ladr\u00f3n\", Mario Rodrigo Morabito, juez de Catamarca.\n\nMir\u00e1  #Redacci\u00f3nIP con @andresfidanza @leandrorenou1  y @blancopatricia ac\u00e1 \ud83d\udc49 https://t.co/PgSaBmb7Ec https://t.co/qVFEftxz28"
        }
    ],
    "meta": {
        "newest_id": "1403768719109758979",
        "next_token": "7140dibdnow9c7btw3z0rtuix35m780db22s84kl5fz8z",
        "oldest_id": "1403526269711572993",
        "result_count": 10
    }
}