{
    "data": [
        {
            "id": "1403821929564233728",
            "text": "Bullrich insiste en criticar al Presidente por su frase: \"Est\u00e1 sobrepasado o no piensa antes de hablar\" https://t.co/z6tahDjOEU"
        },
        {
            "id": "1403819473224749063",
            "text": "\ud83d\udce2 Llega la #FintechWeek\n\n\ud83d\uddd3\ufe0f Desde el 14 al 20 de Junio podr\u00e1s:\n\n\u2714\ufe0f Conocer c\u00f3mo es trabajar en las mejores empresas de la Industria Fintech de Latinoam\u00e9rica.\n\n\u2714\ufe0f Postular a sus b\u00fasquedas laborales.\n\n\u2714\ufe0f Tener acceso a charlas.\n\nRegistrate:\n\ud83d\udc49\ud83c\udffd\u00a0https://t.co/JULPpimDtT https://t.co/LuekUd6qWJ"
        },
        {
            "id": "1403816838937538564",
            "text": "Krejcikova, de estar fuera del Top 100 a campeona de Roland Garros en ocho meses https://t.co/WvMO474O3Q"
        },
        {
            "id": "1403816835615584258",
            "text": "Tras el susto por Eriksen, Dinamarca cay\u00f3 ante Finlandia en la Eurocopa https://t.co/2BarEZL8Xe"
        },
        {
            "id": "1403816832302129153",
            "text": "Capitanich anunci\u00f3 la detenci\u00f3n y exoneraci\u00f3n de cinco polic\u00edas tras la muerte de un joven Qom https://t.co/xzq4muPi55"
        },
        {
            "id": "1403811824722595845",
            "text": "Susana Gim\u00e9nez est\u00e1 \"estable\" y \"respondiendo bien al tratamiento\" https://t.co/QJ1fkWSbCi"
        },
        {
            "id": "1403805664011374592",
            "text": "Otro r\u00e9cord de la campa\u00f1a de vacunaci\u00f3n: en los \u00faltimos siete d\u00edas se aplicaron casi 2,4 millones de dosis https://t.co/goGcGwAqYP"
        },
        {
            "id": "1403802692707778560",
            "text": "Pagaron 28 millones de d\u00f3lares para viajar al espacio con Jeff Bezos https://t.co/e6DjPNXP5r"
        },
        {
            "id": "1403799678433468417",
            "text": "Venezuela tiene un brote de coronavirus a horas del inicio de la Copa Am\u00e9rica https://t.co/y0qfLRwZiM"
        },
        {
            "id": "1403797663506571265",
            "text": "AFIP subasta m\u00e1s de mil cajas con botellas de vino y champagne https://t.co/wTXmBvs8Ye"
        }
    ],
    "meta": {
        "newest_id": "1403821929564233728",
        "next_token": "7140dibdnow9c7btw3z0rtv4skhahy5m0b4mr3j86acz9",
        "oldest_id": "1403797663506571265",
        "result_count": 10
    }
}