{
    "data": [
        {
            "id": "1403819398859837444",
            "text": "\ud83d\udcda Nicol\u00e1s Trotta, Agustina Vila y Axel Kicillof se reunieron para determinar el retorno a la presencialidad https://t.co/wg2XOBeBmp https://t.co/chl7o1Li2u"
        },
        {
            "id": "1403812375623569413",
            "text": "\ud83d\udcccNeuqu\u00e9n 196\n\ud83d\udcccCorriente 167\n\ud83d\udcccMisiones 163\n\ud83d\udcccLa Pampa 153\n\ud83d\udcccSan Juan 128\n\ud83d\udcccLa Rioja 128\n\ud83d\udcccSanta Cruz 80\n\ud83d\udcccTierra del Fuego 33\n\ud83d\udcccFormosa 10 https://t.co/0Qmd9f3t5q https://t.co/Zi3mVtdZ4v"
        },
        {
            "id": "1403812371928432641",
            "text": "DETALLE DE NUEVOS CASOS:\n\n\ud83d\udcccBuenos Aires 6.351\n\ud83d\udcccC\u00f3rdoba 2.701\n\ud83d\udcccSanta Fe 1.908\n\ud83d\udcccCABA 1.084\n\ud83d\udcccEntre R\u00edos 702\n\ud83d\udcccChaco 660\n\ud83d\udcccSantiago del Estero 573\n\ud83d\udcccTucum\u00e1n 533\n\ud83d\udcccMendoza 521\n\ud83d\udcccSalta 466\n\ud83d\udcccSan Luis 457\n\ud83d\udcccCatamarca 329\n\ud83d\udcccR\u00edo Negro 271\n\ud83d\udcccJujuy 224\n\ud83d\udcccChubut 219"
        },
        {
            "id": "1403812369705443331",
            "text": "\u2b55REITERAMOS | Este s\u00e1bado el @msalnacion confirm\u00f3 447 muertes y 18.057 nuevos casos de coronavirus en las \u00faltimas 24 horas.\n\nEl total de casos confirmados en el pa\u00eds es de 4.111.147, de los cuales 85.075 fallecieron https://t.co/0Qmd9f3t5q https://t.co/t4aV0O0jGb"
        },
        {
            "id": "1403812365536215043",
            "text": "\ud83d\udd34#ALERTA \n\nEste s\u00e1bado el @msalnacion confirm\u00f3 447 muertes y 18.057 nuevos casos de coronavirus en las \u00faltimas 24 horas https://t.co/Jd3olRqj57 https://t.co/1ZkIllFtyG"
        },
        {
            "id": "1403808070845747200",
            "text": "\ud83d\ude4f Los mensajes en las redes por Eriksen https://t.co/ZtpuiFAbvd https://t.co/9WTr9rCIap"
        },
        {
            "id": "1403800521073258497",
            "text": "\ud83d\udcfa ESTA NOCHE | \u00a1No te pierdas Sobredosis de TV con @negropolisok y @soyjuandinatale!\n\n\u2705 Invitado: Axel @Kicillofok\n\n\ud83d\udd58 A las 21 hs. por @C5N y en https://t.co/Og7yNylAwX https://t.co/azaoSW0oXA"
        },
        {
            "id": "1403795991304802304",
            "text": "\ud83c\udf7d\ufe0f ESTA NOCHE | Llega un nuevo programa de #LaCocinaDelGato con @Gatosylvestre.\n\n\ud83c\udf5d Platos de autor, invitados sorpresa y una pizca de actualidad.\n\n\ud83d\udd57 A las 20 hs. por @C5N y en https://t.co/Og7yNyDbVx https://t.co/qk7mJCpCyt"
        },
        {
            "id": "1403792971267403780",
            "text": "\ud83d\udcca Latinoam\u00e9rica: las empresas lideradas por mujeres enfrentan la mayor brecha de financiamiento global https://t.co/ID3PRvSbIq https://t.co/ZRycPLGfVT"
        },
        {
            "id": "1403781648437678082",
            "text": "\ud83e\udd1dEl presidente de la C\u00e1mara de Diputados @SergioMassa viaja a Estados Unidos y buscar\u00e1 apoyo para negociar con el FMI https://t.co/WXUmXJMbEn https://t.co/qXqWH5Qzvt"
        }
    ],
    "meta": {
        "newest_id": "1403819398859837444",
        "next_token": "7140dibdnow9c7btw3z0rtv4r0kshtc0lzh21la0vf8ky",
        "oldest_id": "1403781648437678082",
        "result_count": 10
    }
}