{
    "data": [
        {
            "id": "1403823818850934788",
            "text": "\u00bfSer\u00e1 cierto que el que apuesta a la inflaci\u00f3n gana? https://t.co/6hDHxhGc5U"
        },
        {
            "id": "1403820289662849025",
            "text": "Joe Biden convence al G7 de lanzar un megaplan mundial de infraestructuras para hacer frente a China https://t.co/NcGehCmkKU"
        },
        {
            "id": "1403816859078737921",
            "text": "Hallazgo: el cine porno es un invento argentino como el dulce de leche https://t.co/UKKGk5TzgH"
        },
        {
            "id": "1403813569490210816",
            "text": "El capit\u00e1n de Dinamarca, fundamental para salvarle la vida a Christian Eriksen https://t.co/AEhVCW5yoE"
        },
        {
            "id": "1403813062822539264",
            "text": "El intendente de Esteban Echeverr\u00eda denunci\u00f3 que el Gobierno discrimina la entrega de ayuda alimentaria https://t.co/xprQXhsSdt"
        },
        {
            "id": "1403809617449304066",
            "text": "Indiana Jones cumple 40 a\u00f1os: la pel\u00edcula que todos rechazaban y se convirti\u00f3 en una de las sagas m\u00e1s exitosas del cine https://t.co/nkhTjKvp8c"
        },
        {
            "id": "1403806759597322241",
            "text": "Tras la pol\u00e9mica por el regreso de las clases presenciales, Axel Kicillof se reuni\u00f3 con Nicol\u00e1s Trotta https://t.co/DG4agk6hbg"
        },
        {
            "id": "1403806758460706816",
            "text": "Coronavirus: reportan otras 447 muertes y Argentina super\u00f3 los 85.000 fallecidos https://t.co/P2A6jG5qHr"
        },
        {
            "id": "1403805411191439369",
            "text": "Argentina superar\u00e1 las 20 millones de vacunas: llega este s\u00e1bado el primer env\u00edo de Astrazeneca desde M\u00e9xico https://t.co/mmsk4PqLg6"
        },
        {
            "id": "1403802705777381383",
            "text": "Diferencias entre los gremios docentes por la vuelta a clases en Provincia https://t.co/c2kW6kDsq5"
        }
    ],
    "meta": {
        "newest_id": "1403823818850934788",
        "next_token": "7140dibdnow9c7btw3z0rtvf7b6p7emaysxeaedjcxz5f",
        "oldest_id": "1403802705777381383",
        "result_count": 10
    }
}