{
    "data": [
        {
            "id": "1403824724422139905",
            "text": "#VIDEO \"No sab\u00e9s con qui\u00e9n te est\u00e1s metiendo\": as\u00ed presunto juez atac\u00f3 a un motociclista en una escena a lo \"Relatos Salvajes\" #TremendaSecuencia #Tucum\u00e1n #Mir\u00e1LasIm\u00e1genes https://t.co/yLwsUk0aM0"
        },
        {
            "id": "1403823812076924930",
            "text": "RT @BAENegocios: Restricciones en Santa Fe por coronavirus: fin de semana cerrado https://t.co/Jo02fXLv35"
        },
        {
            "id": "1403823066761728001",
            "text": "\"No sab\u00e9s con qui\u00e9n te est\u00e1s metiendo\": as\u00ed presunto juez atac\u00f3 a un motociclista en una escena a lo \"Relatos Salvajes\" https://t.co/Q0835OYfbW"
        },
        {
            "id": "1403823059149070336",
            "text": "\"Soy un ser superior\": c\u00f3mo fueron los macabros cr\u00edmenes del \"doctor muerte\", el m\u00e9dico que asesin\u00f3 a m\u00e1s de 200 pacientes https://t.co/zWmbnkvMyw"
        },
        {
            "id": "1403821608763113477",
            "text": "Fue al m\u00e9dico con el ojo irritado y descubri\u00f3 algo horroroso https://t.co/4uSkA1dCbW"
        },
        {
            "id": "1403821178200879107",
            "text": "RT @depoweb: \u00c1ngel Cabrera enfrentar\u00e1, en C\u00f3rdoba, el juicio por delitos de violencia de g\u00e9nero https://t.co/4dwEEPZtJg"
        },
        {
            "id": "1403821174581194755",
            "text": "RT @depoweb: Goleador revel\u00f3 que tanto Boca como River quisieron contratarlo https://t.co/PbsX9IY6gG"
        },
        {
            "id": "1403821085154549767",
            "text": "RT @depoweb: #Complicado El golfista ya est\u00e1 en su provincia y se presentar\u00e1 ante la Justicia. Todos los detalles, en la nota #PatoCabrera\u2026"
        },
        {
            "id": "1403819924284444673",
            "text": "RT @depoweb: #Motivado El mediocampista se refiri\u00f3 a su pr\u00f3ximo desaf\u00edo con la Selecci\u00f3n Argentina. M\u00e1s detalles, en la nota #Selecci\u00f3nArge\u2026"
        },
        {
            "id": "1403818329819815937",
            "text": "RT @depoweb: #Codiciado El jugador rechaz\u00f3 ambas ofertas porque prefiri\u00f3 seguir en Europa. Enterate de qui\u00e9n se trata, en la nota #Boca #Ri\u2026"
        }
    ],
    "meta": {
        "newest_id": "1403824724422139905",
        "next_token": "7140dibdnow9c7btw3z0rtvf8v32vzyut25qapwcds7qv",
        "oldest_id": "1403818329819815937",
        "result_count": 10
    }
}