{
    "data": [
        {
            "id": "1403824445563846659",
            "text": "Simon Kjaer, un verdadero capit\u00e1n: el accionar clave que tuvo en el medio del drama por el colapso de Christian Eriksen https://t.co/uiYlbSZPA0"
        },
        {
            "id": "1403824135436963842",
            "text": "El protocolo m\u00e9dico que se cre\u00f3 tras la tr\u00e1gica muerte del camerun\u00e9s Marc-Vivien Fo\u00e9 en 2003 y se ejecut\u00f3 para socorrer a Eriksen https://t.co/dIu4H6lmLq https://t.co/4m0T7KE0mZ"
        },
        {
            "id": "1403822264836034561",
            "text": "Angie Balbiani anunci\u00f3 su embarazo y recibi\u00f3 un tierno saludo de Pampita: \u201c\u00a1Muero de amor!\u201d https://t.co/JcajZODHID"
        },
        {
            "id": "1403820289453170690",
            "text": "Alerta en Nicaragua: trasladaron a la opositora Violeta Granera de su arresto domiciliario hacia un lugar desconocido https://t.co/BrQmQK4ts8"
        },
        {
            "id": "1403819226629120000",
            "text": "Cinco efectivos de la Polic\u00eda de Chaco detenidos por la muerte a balazos de un joven Qom https://t.co/5Zg6Ar7JTm"
        },
        {
            "id": "1403818348337668096",
            "text": "El Mercosur sigue paralizado: se suspendi\u00f3 la cumbre de cancilleres por las diferencias internas en el bloque | Por Eduardo Menegazzi\n https://t.co/S98mCB3ltr"
        },
        {
            "id": "1403817347354353668",
            "text": "C\u00f3mo calefaccionar el balc\u00f3n y la terraza: opciones para acondicionar los espacios al aire libre a la nueva normalidad en invierno | Por Jos\u00e9 Luis Cieri https://t.co/h2TgkmIYn6"
        },
        {
            "id": "1403816359608324104",
            "text": "El Gobierno redujo los vuelos con Europa y suspendi\u00f3 nuevos destinos para evitar el ingreso de m\u00e1s cepas del COVID-19 https://t.co/Op9FBde7Dy"
        },
        {
            "id": "1403814619668434945",
            "text": "77 fotos de las primeras dos semanas de ShowMatch: el backstage, los trucos de los participantes y la transformaci\u00f3n de los humoristas | Por Franco Fafasuli https://t.co/RkRN8iQEn4"
        },
        {
            "id": "1403812838498619396",
            "text": "\u201c\u00a1Te amo, Christian!\u201d: el grito de gol de Romelu Lukaku dedicado a Eriksen que recorre el mundo https://t.co/pRRUUGVjXC"
        }
    ],
    "meta": {
        "newest_id": "1403824445563846659",
        "next_token": "7140dibdnow9c7btw3z0rtvf8tt54tdn205b9rxbdeb7a",
        "oldest_id": "1403812838498619396",
        "result_count": 10
    }
}