{
    "data": [
        {
            "id": "1403553540421963778",
            "text": "Por qu\u00e9, seg\u00fan Carlos Melconian, la inflaci\u00f3n es aliada del Gobierno https://t.co/6SbtfG1lWw https://t.co/qvRSAlf6jz"
        },
        {
            "id": "1403553530963652613",
            "text": "Luis Majul: ''Viernes de furia, fallido presidencial y hartazgo social'' https://t.co/K70E1j3BgK https://t.co/2w6AAGiqXJ"
        },
        {
            "id": "1403508234741157888",
            "text": "''Traigan la Pfizer'': Feinmann y Jony Viale analizaron la ins\u00f3lita canci\u00f3n de Ignacio Copani https://t.co/d4uHzZCmiN https://t.co/BiRSw4F8Iy"
        },
        {
            "id": "1403276453941235712",
            "text": "#M\u00e1sMa\u00f1ana con @EleonoraCole y @riflevarela de 6.00 hasta las 9hs.\n\nDESDE QUE EMPEZ\u00d3 LA PANDEMIA, \u00bfTUVISTE PROBLEMAS PARA DORMIR?"
        },
        {
            "id": "1403220711162843141",
            "text": "Alberto Fern\u00e1ndez, el matarife de la palabra https://t.co/dSd4gJeYOB https://t.co/8fmHAoNMfr"
        },
        {
            "id": "1403154660806991872",
            "text": "Alfredo Leuco, sobre la pobreza: ''No fracas\u00f3 el capitalismo sino el kirchnerismo'' https://t.co/IhCoBP0qSy https://t.co/lmJWXhrA7i"
        },
        {
            "id": "1403154654712664064",
            "text": "El pifie de Jonatan Viale con Eduardo Feinmann: ''Mejor me voy'' https://t.co/zYhC8qicBM https://t.co/7W9p9bq3ZE"
        },
        {
            "id": "1403145723340750849",
            "text": "Sorpresa para Christian Martin: un grupo de adolescentes le coparon el m\u00f3vil y hablaron con Feinmann https://t.co/fxL7jrM86C https://t.co/Z1LalIhVx2"
        },
        {
            "id": "1403048074625363972",
            "text": "Leuco: ''Las ideas y declaraciones de Fernanda Vallejos van a contramano del progreso'' https://t.co/ZfVgFiXXWW https://t.co/gRZK4M3xCZ"
        },
        {
            "id": "1402919772195594241",
            "text": "#M\u00e1sMa\u00f1ana con @EleonoraCole y @riflevarela.\nPrecauci\u00f3n: bancos de niebla y neblina en los accesos. Envianos tu video. https://t.co/iOZ9PYiy3h"
        }
    ],
    "meta": {
        "newest_id": "1403553540421963778",
        "next_token": "7140dibdnow9c7btw3z0rrqzvyps6rdrjr3p1h03j5qgh",
        "oldest_id": "1402919772195594241",
        "result_count": 10
    }
}