{
    "data": [
        {
            "id": "1403822522722832385",
            "text": "Video: el ataque de furia de un hombre contra un motociclista tras un choque en Tucum\u00e1n https://t.co/jhuPD8jvj4 https://t.co/fU2OXgMwdG"
        },
        {
            "id": "1403819753504972805",
            "text": "Yao Cabrera vs el Chino Maidana: el youtuber mostr\u00f3 c\u00f3mo se entrena para la esperada pelea https://t.co/khxA6h9CVU https://t.co/DGYKMv5Zs2"
        },
        {
            "id": "1403817101303943172",
            "text": "\u201cMatando al coronavirus\u201d: la China Su\u00e1rez mostr\u00f3 el tierno \u201cprotocolo\u201d de su hija Magnolia https://t.co/MLSREmlMCN https://t.co/939SmcEQhx"
        },
        {
            "id": "1403814380467335174",
            "text": "El drama de Delfina Gerez Bosco: tuvieron que operarla por un tumor de 750 gramos https://t.co/FH57dD9tbz https://t.co/gzfhzbIMMN"
        },
        {
            "id": "1403811846071619587",
            "text": "As\u00ed resguardan las empresas su capital en pesos: la compra de oficinas premium y dep\u00f3sitos log\u00edsticos es una gran alternativa para convertir el capital en \u201cladrillos\u201d. Brick Value, un plan para \u201cdolarizar\u201d el capital acumulado en pesos\n[#Contentlab para #Cushman&amp;Wakefield] https://t.co/kzlK2lShQP"
        },
        {
            "id": "1403810179620249604",
            "text": "Copa Am\u00e9rica: entrenadores maduros y argentinos, el perfil de lo que se ver\u00e1 al borde de la cancha https://t.co/MD7RtgFZWJ https://t.co/YNgikGD3x6"
        },
        {
            "id": "1403807067744313346",
            "text": "Ranking de Netflix Argentina: las 10 series y pel\u00edculas m\u00e1s vistas este 12 de junio https://t.co/U4RUGtUgmI https://t.co/gpI4EAlQrG"
        },
        {
            "id": "1403804235100213249",
            "text": "Nadal empieza a ser m\u00e1s Federer: la pelea por el N\u00b0 1 de la historia y c\u00f3mo afronta el Big 3 el reto final https://t.co/9OVx9Kz1Ui https://t.co/U6dBkxEx4d"
        },
        {
            "id": "1403801669687779335",
            "text": "Brother presenta en la Argentina sus nuevos modelos de impresoras multifunci\u00f3n InkBenefitTank https://t.co/qbVDpeCbFE https://t.co/2UtzQNUWsY"
        },
        {
            "id": "1403798323409178624",
            "text": "Horror en Tenerife: qu\u00e9 es la \u201cviolencia vicaria\u201d y qu\u00e9 tiene que ver con el caso de las dos ni\u00f1as desaparecidas que conmociona a Espa\u00f1a https://t.co/EBoL13bm5U https://t.co/yZhRYMvOHy"
        }
    ],
    "meta": {
        "newest_id": "1403822522722832385",
        "next_token": "7140dibdnow9c7btw3z0rtv4skovrn4w2rr63095oab04",
        "oldest_id": "1403798323409178624",
        "result_count": 10
    }
}