{
    "data": [
        {
            "id": "1403822519262625794",
            "text": "| La nueva ofensiva contra Milagro Sala de Gerardo Morales https://t.co/e0jQqeRVju"
        },
        {
            "id": "1403819484033519622",
            "text": "| Los investigadores creen que el padre drog\u00f3 a ambas https://t.co/3TYaVNp7YF"
        },
        {
            "id": "1403816115168481285",
            "text": "Italia se estren\u00f3 este viernes en la Eurocopa con un contundente triunfo 3-0 contra Turqu\u00eda, en el estadio Ol\u00edmpico de Roma, por el Grupo A, del que forman parte tambi\u00e9n Suiza y a Gales. Los tantos fueron a... https://t.co/h9y7FqOE3G"
        },
        {
            "id": "1403812817535373317",
            "text": "Rusia prob\u00f3 una forma de aerosol nasal de su vacuna contra el coronavirus Sputnik V que es adecuada para ni\u00f1os de 8 a 12 a\u00f1os, y planea lanzar el nuevo producto en septiembre.Alexander Gintsburg, quien dirige el Instituto Gamaleya que des... https://t.co/KIrBZENLpC"
        },
        {
            "id": "1403809369318432768",
            "text": "| En un d\u00eda s\u00e1bado https://t.co/4Cbwc0Cmb1"
        },
        {
            "id": "1403805685834465286",
            "text": "| Lo captur\u00f3 la Polic\u00eda Federal https://t.co/VY0hY1f2jY"
        },
        {
            "id": "1403802989090033667",
            "text": "La Selecci\u00f3n Argentina Sub 23 venci\u00f3 este viernes a Arabia Saudita por 2-0 en el segundo y \u00faltimo amistoso de la gira por Marbella, Espa\u00f1a, como preparaci\u00f3n para los Juegos Ol\u00edmpicos de Tokio.Tras un primer tiempo parejo ante un conjunto asi\u00e1tic... https://t.co/A2dkKHXL3W"
        },
        {
            "id": "1403799941580046338",
            "text": "El nuevo trabajo de la cantautora rosarina indaga en un dolor personal que transforma en seis canciones, que ma\u00f1ana se presentan en un show por streaming. https://t.co/2jGCxYKcBK"
        },
        {
            "id": "1403795801906761738",
            "text": "| En la Eurocopa https://t.co/DFcGfFjRhg"
        },
        {
            "id": "1403791623700496387",
            "text": "| Dej\u00f3 el Otamendi y sigue su recuperaci\u00f3n en su casa https://t.co/a8A8JWVhWM"
        }
    ],
    "meta": {
        "newest_id": "1403822519262625794",
        "next_token": "7140dibdnow9c7btw3z0rtv4sj77bknwt9p4ybxsazdbr",
        "oldest_id": "1403791623700496387",
        "result_count": 10
    }
}