{
    "data": [
        {
            "id": "1403815721562427393",
            "text": "Jos\u00e9 C. Paz: atropell\u00f3 a un agente, lo arrastr\u00f3 dos cuadras sobre el cap\u00f3 y escap\u00f3  https://t.co/sm61cEdTxN"
        },
        {
            "id": "1403815106354503687",
            "text": "Monotributo: las 5 claves del nuevo proyecto para dar alivio a los peque\u00f1os contribuyentes  https://t.co/AbAZ8Z71om"
        },
        {
            "id": "1403814469453680642",
            "text": "El \u2018escudo humano\u2019 de los compa\u00f1eros de Eriksen y la desesperaci\u00f3n mundial: los desgarradores minutos en Copenhague  https://t.co/99VaRFZokF"
        },
        {
            "id": "1403813511575310337",
            "text": "Las diferencias de las restricciones en el AMBA: qu\u00e9 se puede y qu\u00e9 no en la Provincia y en la Ciudad de Buenos Aires  https://t.co/C5yElQQLeP"
        },
        {
            "id": "1403807397072846853",
            "text": "Coronavirus en la Argentina: informaron 447 muertes y 18.057 nuevos casos en 24 horas  https://t.co/e6VlMmu6Pg"
        },
        {
            "id": "1403806819710033928",
            "text": "El crimen de Tenerife: la jueza revel\u00f3 macabros detalles y cont\u00f3 que Gimeno mat\u00f3 a sus hijas para provocarle un inhumano dolor a la madre  https://t.co/qgF0aG9hG6"
        },
        {
            "id": "1403804771522318339",
            "text": "El \u00faltimo parte m\u00e9dico de Susana Gim\u00e9nez: \u201cEst\u00e1 compensando con mascarilla de ox\u00edgeno\u201d  https://t.co/aXf3xKSzlD"
        },
        {
            "id": "1403804154846453760",
            "text": "\u201cRecen por Christian\u201d: los mensajes de los jugadores tras el desmayo a Eriksen  https://t.co/tal0uEqgNI"
        },
        {
            "id": "1403795408380477445",
            "text": "Para prevenir futuras pandemias y enfrentar el avance de China, el G7 acord\u00f3 un fuerte plan de inversi\u00f3n para pa\u00edses de ingresos medios y bajos  https://t.co/xx4HNNoLHP"
        },
        {
            "id": "1403794129608380417",
            "text": "Vacunaci\u00f3n completa, gradualidad y protocolos: los gremios docentes desaf\u00edan a Axel Kicillof y pusieron varias condiciones para volver a las aulas  https://t.co/JNcJa39dqy"
        }
    ],
    "meta": {
        "newest_id": "1403815721562427393",
        "next_token": "7140dibdnow9c7btw3z0rtv4sju3i10oyyzjg1t1gn2nr",
        "oldest_id": "1403794129608380417",
        "result_count": 10
    }
}