{
    "data": [
        {
            "id": "1403834306775158788",
            "text": "\ud83e\udd18En el #IPCultural de hoy, @mechiezquiaga habl\u00f3 con @barbirecanati sobre \"Mostras del Rock\", un proyecto que empez\u00f3 como un podcast y se convirti\u00f3 en libro. \u00bfD\u00f3nde est\u00e1n esas mujeres de la m\u00fasica cuyos relatos quedaron invisibilizados? \ud83d\udc47\n\nhttps://t.co/7wAgTpBVUk"
        },
        {
            "id": "1403832050747154435",
            "text": "\ud83d\udeac\u26d4Expertos de la OMS presentaron un informe que incluy\u00f3 a los fumadores como el sector poblacional con mayores probabilidades de desarrollar s\u00edntomas de gravedad en caso de contraer COVID-19. \n\nhttps://t.co/ygBTJHKyoR"
        },
        {
            "id": "1403828710067818497",
            "text": "\ud83d\udcf2Valorant, el \u00e9xito silencioso de Riot, ahora llega a dispositivos m\u00f3viles y en #MalditosNerds @RippyRizza y @guilloleoz te cuentan todos los detalles \ud83d\udc47https://t.co/XGOm52J1mA"
        },
        {
            "id": "1403827753523286019",
            "text": "\ud83d\udd34CORONAVIRUS EN ARGENTINA | En las \u00faltimas 24 horas se registraron 18.057 nuevos casos positivos de COVID-19 y 447 fallecimientos. \n\ud83d\udc49Hay un total de 4.111.147 personas que cursaron la enfermedad y ya suman 85.075 personas fallecidas\nhttps://t.co/eZpyww6x9x"
        },
        {
            "id": "1403768719109758979",
            "text": "\u26bd Confirmados los 28 para la #CopaAmerica2021 en #DEPORTIVOIP queremos saber qu\u00e9 pens\u00e1s sobre el modo de Scaloni para definir la lista... \ud83d\udd25\ud83d\udc47"
        },
        {
            "id": "1403751026541436929",
            "text": "\ud83d\udc89 La Provincia de Buenos Aires lleg\u00f3 a 5.991.302 personas vacunadas contra el COVID-19, desde el comienzo de la pandemia. \ud83d\udc47\n\nhttps://t.co/1YJtcJ0Zle"
        },
        {
            "id": "1403750693526179852",
            "text": "\u26a1\ufe0fLos fan\u00e1ticos de Marvel est\u00e1n felices: Loki, el Dios del Enga\u00f1o, llega con serie propia en exclusiva para Disney Plus. Todos lo detalles te los cuentan @guilloleoz @yesroth y @rippyrizza en @MalditosNerdsVX \ud83d\udc47\n\nhttps://t.co/ctzcgKCce5"
        },
        {
            "id": "1403750071141908486",
            "text": "\ud83d\udd34 La Ciudad de Buenos Aires registr\u00f3 un total de 2.015 nuevos contagios de COVID-19, en las \u00faltimas 24 horas. \ud83d\udc47\n\nhttps://t.co/TnsfnjmHlz"
        },
        {
            "id": "1403748315678883841",
            "text": "\ud83d\udc89\ud83c\udde6\ud83c\uddf7 Argentina super\u00f3 las 370 mil aplicaciones contra el COVID-19 en las \u00faltimas 24 horas, con un total de 372.518 en todo el territorio nacional. \n\n\ud83d\udc49: https://t.co/rJmYAaMF16"
        },
        {
            "id": "1403536063335895041",
            "text": "\ud83d\udc49 Rodrigo Morabito, juez de Responsabilidad Juvenil N\u00b0 1 de la provincia de Catamarca, cont\u00f3 en #Redacci\u00f3nIP la historia de un caso de robo donde la v\u00edctima perdon\u00f3 al ladr\u00f3n y evit\u00f3 la c\u00e1rcel.\n\nCon @andresfidanza, @blancopatricia y @leandrorenou1.\n\nhttps://t.co/R0yaqbbFy7"
        },
        {
            "id": "1403533798697050116",
            "text": "El Decreto de Necesidad y Urgencia prev\u00e9 las cuatro fases sanitarias que ya rigen desde el anterior DNU presidencial, de acuerdo a las fases de riesgos epidemiol\u00f3gicos y sanitarios: zonas de bajo riesgo, de riesgo medio, de alto riesgo y de alarma.\n\nhttps://t.co/urFPr0nwB9"
        },
        {
            "id": "1403531246668369920",
            "text": "\ud83d\udcfa | Todas las noches a las 23 llega #IP30, un resumen de la programaci\u00f3n del d\u00eda.\n\n1\u20e3 Ernesto Resnik y Mart\u00edn Barrionuevo en #Redacci\u00f3nIP.\n2\u20e3 Ricardo Alfons\u00edn en #IPNoticias.\n3\u20e3 S\u00faper jueves en Diputados.\n4\u20e3 La dise\u00f1adora Jesica Pullo.\n\nCon @moviortiz.\n\nhttps://t.co/SWHLR8MHLS https://t.co/yGcc8N9wvY"
        },
        {
            "id": "1403526461970124800",
            "text": "\ud83d\udcfa#AHORA| \"Es un claro ejemplo de que las personas nos podemos equivocar\", Mario Rodrigo Morabito, juez de Catamarca sobre el caso en que la v\u00edctima perdon\u00f3 al ladr\u00f3n.\n\nMir\u00e1  #Redacci\u00f3nIP con @andresfidanza @leandrorenou1  y @blancopatricia ac\u00e1 \ud83d\udc49 https://t.co/PgSaBmb7Ec https://t.co/DP49HO2Uum"
        },
        {
            "id": "1403526269711572993",
            "text": "\ud83d\udcfa#AHORA| \"Nos vimos sorprendidos por el emotivo momento entre la v\u00edctima y el ladr\u00f3n\", Mario Rodrigo Morabito, juez de Catamarca.\n\nMir\u00e1  #Redacci\u00f3nIP con @andresfidanza @leandrorenou1  y @blancopatricia ac\u00e1 \ud83d\udc49 https://t.co/PgSaBmb7Ec https://t.co/qVFEftxz28"
        },
        {
            "id": "1403525994087059458",
            "text": "\ud83d\udcfa#AHORA| \"El perd\u00f3n y las disculpas del joven juzgado fueron muy sinceros\", Mario Rodrigo Morabito, juez de Catamarca sobre el caso en que la v\u00edctima perdon\u00f3 al ladr\u00f3n.\n\nMir\u00e1  #Redacci\u00f3nIP con @andresfidanza @leandrorenou1  y @blancopatricia ac\u00e1 \ud83d\udc49 https://t.co/PgSaBmb7Ec https://t.co/cBFLF8fCjz"
        },
        {
            "id": "1403520678616354816",
            "text": "El diputado Nacional (PRO) Juan Aicega, uno de los 11 legisladores que este jueves vot\u00f3 en contra de la Ley de Cupo Laboral Travesti Trans, convers\u00f3 en #IPNoticias y dio los motivos de su decisi\u00f3n.\n\nhttps://t.co/gh7nejw8jA"
        },
        {
            "id": "1403514545042231297",
            "text": "\ud83c\uddf5\ud83c\uddea La candidata a vicepresidenta y compa\u00f1era de f\u00f3rmula de Pedro Castillo, Dina Boluarte, convers\u00f3 en #TardeATarde sobre el balotaje presidencial entre Keiko Fujimori y el candidato de Per\u00fa Libre.\n\n\ud83d\udc49 Con @agustinadiaztv, @ignaciocorral y @periodistan_.\n\nhttps://t.co/QuzIjHLbzj"
        },
        {
            "id": "1403500976720449539",
            "text": "\ud83d\udcfa #AHORA en #IPNoticias | \"Hay herramientas m\u00e1s abarcativas como la reforma laboral\".\n\n\ud83c\udf99\ufe0f El diputado Nacional (PRO) Juan Aicega, quien ayer vot\u00f3 en contra del Cupo Laboral Travesti Trans, en di\u00e1logo con @nbg__ y @gsued.\n\nSeguilo en vivo \ud83d\udc49 https://t.co/PgSaBmb7Ec https://t.co/gDzAx2QWUI"
        },
        {
            "id": "1403500786911490052",
            "text": "\ud83d\udcfa #AHORA en #IPNoticias | \"La soluci\u00f3n es para todos los grupos sociales\".\n\n\ud83c\udf99\ufe0f El diputado Nacional (PRO) Juan Aicega, quien ayer vot\u00f3 en contra del Cupo Laboral Travesti Trans, en di\u00e1logo con @nbg__ y @gsued.\n\nSeguilo en vivo \ud83d\udc49 https://t.co/PgSaBmb7Ec https://t.co/uWbXA9thot"
        },
        {
            "id": "1403496505294602242",
            "text": "\ud83d\udcfa #AHORA en #IPNoticias | Tras la conferencia de prensa de Horacio Rodr\u00edguez Larreta, el vicejefe de Gobierno de la Ciudad, Diego Santilli, en #IPNoticias.\n\n\ud83c\udf99\ufe0f Con @nbg__ y @gsued.\n\nSeguilo en vivo \ud83d\udc49 https://t.co/PgSaBmb7Ec https://t.co/weDYmePpvi"
        },
        {
            "id": "1403482153887932417",
            "text": "#AHORA | \ud83d\udd34 Representantes de gremios industriales respaldaron pol\u00edticas del Gobierno. Fueron recibidos por el ministro Kulfas. https://t.co/cSSqMwPJqT"
        },
        {
            "id": "1403469100773482499",
            "text": "\ud83d\udc89 El Monitor P\u00fablico de Vacunaci\u00f3n actualiz\u00f3 este viernes por la tarde los datos sobre el plan de vacunaci\u00f3n contra el COVID-19 e inform\u00f3 que se aplicaron 214.402 ant\u00eddotos durante la jornada.\n\nhttps://t.co/RH9P4zL5at"
        },
        {
            "id": "1403466094220828677",
            "text": "El Ministerio de Salud de la Naci\u00f3n inform\u00f3 este viernes que en las \u00faltimas 24 horas se registraron 26.934 nuevos casos positivos de COVID-19 y 689 fallecimientos.\n\nhttps://t.co/WL7oMiq5PH"
        },
        {
            "id": "1403464863855398912",
            "text": "\ud83d\udcfa #AHORA | Una por una, las medidas anunciadas esta tarde por el jefe de Gobierno de la Ciudad de Buenos Aires, Horacio Rodr\u00edguez Larreta.\n\n\ud83d\udccd Jefatura de Gobierno, Parque Patricios.\n\nhttps://t.co/NaSiE6nSx2 https://t.co/r0VE5NfMbS"
        },
        {
            "id": "1403464603242315781",
            "text": "#AHORA | \ud83d\udd34 Argentina super\u00f3 las 16 millones de dosis de vacunas aplicadas contra el coronavirus. https://t.co/2rYwCm6VmQ"
        },
        {
            "id": "1403463745540661251",
            "text": "\u26a1\ufe0f\u00bfQu\u00e9 tenemos para activar la #PlaylistdeViernes?\n\n\ud83c\udfa7@DelfiUbierna nos cuenta todos los estrenos para empezar a sentir nuestro fin de semana. \ud83d\udc47\n\nhttps://t.co/676IBsJgg4"
        },
        {
            "id": "1403462701641240586",
            "text": "\u2b55\ufe0f #AHORA | \"Jard\u00edn y primaria con clases presenciales\".\n\n\ud83c\udf99\ufe0fEl jefe de Gobierno porte\u00f1o, Horacio Rodr\u00edguez Larreta, anuncia nuevas medidas para CABA.\n\nSeguilo en vivo\ud83d\udc49 https://t.co/PgSaBmb7Ec https://t.co/E06hY9EjZN"
        },
        {
            "id": "1403462475626975233",
            "text": "\ud83d\udc49Contin\u00faa la b\u00fasqueda de Tehuel de La Torre.\n\n#SomosPM habl\u00f3 con Ver\u00f3nica de la Torre, hermana del muchacho trans que desapareci\u00f3 hace 3 meses.\n\n\u26a1\ufe0fCon @maxilegnani y @YoFermina . \n\nhttps://t.co/c5M8Lu2PPa"
        },
        {
            "id": "1403462094314475521",
            "text": "\u2b55\ufe0f #AHORA | \"A partir del lunes vuelve a abrir los shopings\".\n\n\ud83c\udf99\ufe0fEl jefe de Gobierno porte\u00f1o, Horacio Rodr\u00edguez Larreta, anuncia nuevas medidas para CABA.\n\nSeguilo en vivo\ud83d\udc49 https://t.co/PgSaBmb7Ec https://t.co/hVELW9Qd00"
        },
        {
            "id": "1403461995391762433",
            "text": "\u2728 Valorant est\u00e1 pasando por un muy buen momento. \u00bfTe gusta?\n\n\ud83d\udc49 Enterate de todo en @MalditosNerdsVX, por la pantalla de IP, con @RippyRizza y @guilloleoz."
        },
        {
            "id": "1403461815531606016",
            "text": "\u2b55\ufe0f #AHORA | \"Cines y teatros vuelven desde el 18 de junio con capacidad del 30%\".\n\n\ud83c\udf99\ufe0fEl jefe de Gobierno porte\u00f1o, Horacio Rodr\u00edguez Larreta, anuncia nuevas medidas para CABA.\n\nSeguilo en vivo\ud83d\udc49 https://t.co/PgSaBmb7Ec https://t.co/5SJIoq4YsM"
        },
        {
            "id": "1403461582554816519",
            "text": "\u2b55\ufe0f #AHORA | \"Bares y restaurantes podr\u00e1n abrir con mesas al aire libre hasta las 23hs\".\n\n\ud83c\udf99\ufe0fEl jefe de Gobierno porte\u00f1o, Horacio Rodr\u00edguez Larreta, anuncia nuevas medidas para CABA.\n\nSeguilo en vivo\ud83d\udc49 https://t.co/PgSaBmb7Ec https://t.co/WwNmrThY8R"
        },
        {
            "id": "1403461065996972040",
            "text": "\ud83d\udc49Susana Gim\u00e9nez est\u00e1 internada por complicaciones por #COVID19.\n\nLa ic\u00f3nica conductora hab\u00eda sido vacunada con la \u00faltima dosis de #Pfizer el 4 de junio.\ud83d\udc47\n\nhttps://t.co/jkDVafUF35"
        },
        {
            "id": "1403460904725909506",
            "text": "El gobernador de la Provincia de Buenos Aires, Axel Kicillof, habl\u00f3 este viernes en conferencia de prensa desde la Casa de Gobierno de La Plata para anunciar nuevas medidas para la provincia.\n\nhttps://t.co/JmW7FOeEIZ"
        },
        {
            "id": "1403460846630621186",
            "text": "\u2b55\ufe0f #AHORA | \"El personal de salud y los docentes empadronados han sido vacunados\".\n\n\ud83c\udf99\ufe0fEl jefe de Gobierno porte\u00f1o, Horacio Rodr\u00edguez Larreta, anuncia nuevas medidas para CABA.\n\nSeguilo en vivo\ud83d\udc49 https://t.co/PgSaBmb7Ec https://t.co/ZzCi2S1KgW"
        },
        {
            "id": "1403460504484552711",
            "text": "La l\u00edder de la Organizaci\u00f3n Barrial T\u00fapac Amaru, Milagro Sala, fue trasladada este viernes a una fiscal\u00eda de Jujuy, esposada y por orden de un juez para ser notificada por una nueva causa.\n\nhttps://t.co/W74AXEEi0w"
        },
        {
            "id": "1403460309940113409",
            "text": "\u2b55\ufe0f #AHORA | \"El 100% de los mayores de 60 empadronados est\u00e1n vacunados\".\n\n\ud83c\udf99\ufe0fEl jefe de Gobierno porte\u00f1o, Horacio Rodr\u00edguez Larreta, anuncia nuevas medidas para CABA.\n\nSeguilo en vivo :point_right: https://t.co/PgSaBmb7Ec https://t.co/Z7xmOpjaD1"
        },
        {
            "id": "1403459554546008066",
            "text": "\u2b55\ufe0f #AHORA | \"Logramos consolidar la tendencia a la baja\".\n\n\ud83c\udf99\ufe0fEl jefe de Gobierno porte\u00f1o, Horacio Rodr\u00edguez Larreta, anuncia nuevas medidas para CABA.\n\nSeguilo en vivo :point_right: https://t.co/PgSaBmb7Ec https://t.co/QptBDIez3Y"
        },
        {
            "id": "1403441335986688001",
            "text": "\ud83c\udf99\ufe0f| \"A partir de este s\u00e1bado, hay modalidad de vacuna libre a los mayores de 60 a\u00f1os en todos los vacunatorios de la provincia en primera dosis, presentando su DNI\" confirm\u00f3 @Kicillofok https://t.co/ClX1y7vyHV"
        },
        {
            "id": "1403440891168186370",
            "text": "\ud83c\udf99\ufe0f | \"La provincia adquiri\u00f3 distribuy\u00f3 33 mil medidores de di\u00f3xido de carbono en las escuelas. Permite medir la presencia de CO2 y regular la ventilaci\u00f3n\" afirm\u00f3 en conferencia de prensa el gobernador de la provincia de Buenos Aires, @Kicillofok https://t.co/YzRGNk0v4d"
        },
        {
            "id": "1403440225989402626",
            "text": "\ud83c\udf99\ufe0f| \"Hemos logrado una importante reducci\u00f3n de los casos y eso hace que el conurbano, cumpliendo el decreto presidencial, salir de la situaci\u00f3n de alarma epidemiol\u00f3gica sanitaria en la que se encuentra y pasar de la fase 2 a fase 3\" Asegur\u00f3 @Kicillofok https://t.co/0OW9o3pH4M"
        },
        {
            "id": "1403440113560993799",
            "text": "\u2b55\ufe0f#\u00daLTIMOMOMENTO |\ud83c\udf99\ufe0f El Gobernador de la Provincia de Buenos Aires, Axel Kicillof (@Kicillofok) anunci\u00f3 que se acaba de aprobar el uso de emergencia de la nueva vacuna de #CanSino. https://t.co/eNC8yo8psF"
        },
        {
            "id": "1403439189996228614",
            "text": "\ud83d\udd34#AHORA |\ud83c\udf99\ufe0f\"Tenemos que cuidar la presencialidad. Esto implica que no se acab\u00f3 la pandemia, que hay que seguir trabajando con los protocolos\", dijo el Gobernador de la Provincia de Buenos Aires, Axel Kicillof (@Kicillofok) sobre las nuevas medidas para la regi\u00f3n. https://t.co/dXwpmmxADp"
        },
        {
            "id": "1403438295103705089",
            "text": "\ud83d\udd34#AHORA |\ud83c\udf99\ufe0f\"El domingo vamos a llegar a los 5 millones de vacunados en la Provincia\", dijo el Gobernador de la Provincia de Buenos Aires, Axel Kicillof (@Kicillofok) sobre la campa\u00f1a de vacunaci\u00f3n en el #AMBA. https://t.co/6rASioLfvX"
        },
        {
            "id": "1403438052127690754",
            "text": "\ud83c\udf99\ufe0f| \"Se firm\u00f3 un contrato por cinco millones de vacunas con el laboratorio CanSino\" afirm\u00f3 el gobernador de la provincia de Buenos Aires @Kicillofok \ud83d\udc47 https://t.co/hXa9UbfcL3"
        },
        {
            "id": "1403437313296900102",
            "text": "\ud83d\udd34#AHORA |\ud83c\udf99\ufe0f\"Vamos a implementar un plan de vigilancia epidemiol\u00f3gica activa en las escuelas\", dijo el Gobernador de la Provincia de Buenos Aires, Axel Kicillof (@Kicillofok) sobre los planes para la vuelta a la presencialidad escolar. https://t.co/NfY4183L3G"
        },
        {
            "id": "1403436696075702279",
            "text": "\ud83d\udd34#AHORA |\ud83c\udf99\ufe0f\"A partir del d\u00eda mi\u00e9rcoles podr\u00edamos estar observando a un regreso de la presencialidad cuidada\", dijo el Gobernador de la Provincia de Buenos Aires, Axel Kicillof (@Kicillofok) sobre los resultados del DNU en la regi\u00f3n. https://t.co/oEdHsNXcAb"
        },
        {
            "id": "1403436448276226051",
            "text": "\ud83d\udd34#AHORA |\ud83c\udf99\ufe0f\"Esta reducci\u00f3n de casos har\u00eda que el Gran Buenos Aires pueda, cumpliendo el DNU, salir de la situaci\u00f3n de alarma epidemiol\u00f3gica sanitaria\", dijo el Gobernador de la Provincia de Buenos Aires, Axel Kicillof (@Kicillofok) sobre los resultados del DNU en la regi\u00f3n. https://t.co/hFVDtUyVtW"
        },
        {
            "id": "1403435771097460740",
            "text": "\ud83d\udd34#AHORA |\ud83c\udf99\ufe0f\"Quiero realmente felicitar al pueblo de la provincia por la importante reducci\u00f3n de casos en el \u00faltimo tiempo\", dijo el Gobernador de la Provincia de Buenos Aires, Axel Kicillof (@Kicillofok) sobre los resultados del DNU en la regi\u00f3n. https://t.co/TTll4pclG9"
        },
        {
            "id": "1403435078525534209",
            "text": "\ud83d\udd34#AHORA | \ud83c\udf99\ufe0f\"En caso de disponer de estas vacunas van a ser aportadas para su distribuci\u00f3n equitativa en todo el territorio argentino\", aclar\u00f3 el Gobernador de la Provincia de Buenos Aires, Axel Kicillof (@Kicillofok) sobre las nuevas dosis que llegar\u00e1n a la provincia. https://t.co/gyrfXo1FMK"
        },
        {
            "id": "1403434495752212483",
            "text": "\ud83d\udd34#AHORA | \ud83c\udf99\ufe0f\"Firmamos por 5 millones de vacunas de CanSino\", dijo el Gobernador de la Provincia de Buenos Aires, Axel Kicillof (@Kicillofok) sobre las noticias de las nuevas vacunas de una sola dosis similar a las Johnson&amp;Johnson. https://t.co/tKcmUPAXSN"
        },
        {
            "id": "1403433780078129156",
            "text": "\ud83d\udd34#AHORA | \ud83c\udf99\ufe0f\"Vamos a cumplir y adherir de manera taxativa al decreto nacional\", dijo el Gobernador de la Provincia de Buenos Aires, Axel Kicillof (@Kicillofok) sobre las nuevas medidas que se aplicar\u00e1n en la regi\u00f3n. https://t.co/Wy8bTI7IXW"
        },
        {
            "id": "1403433484115492870",
            "text": "\ud83d\udd34#AHORA | \ud83c\udf99\ufe0fHabla el Gobernador de la Provincia de Buenos Aires, Axel Kicillof (@Kicillofok) sobre las nuevas medidas que se aplicar\u00e1n en la regi\u00f3n.\n\nSeguilo en vivo \ud83d\udc49 https://t.co/SeLDlRN62g"
        },
        {
            "id": "1403432984485695489",
            "text": "#EnInstantes | Conferencia de prensa de Axel Kicillof para anunciar las nuevas medidas en la provincia de Buenos Aires https://t.co/sjkCbmtpBs"
        },
        {
            "id": "1403417553221865477",
            "text": "#AHORA | As\u00ed trasladaban a Milagro Sala a una fiscal\u00eda, esposada, por orden del juez \ud83d\udc47 https://t.co/AV0f2w2rO4"
        },
        {
            "id": "1403416673449918471",
            "text": "\ud83d\udd34Daniela Castro, Directora Provincial de Pol\u00edticas de Diversidad Sexual del @MinMujeresPBA, habl\u00f3 en #ImagenPositiva con @PalomaBok sobre la media sanci\u00f3n a la ley de cupo laboral trans \ud83d\udc47\nhttps://t.co/EoG57fEk9p"
        },
        {
            "id": "1403414522107502595",
            "text": "#AHORA | Milagro Sala fue trasladada a una fiscal\u00eda, esposada, por orden del juez https://t.co/Sr44BVJ2z7"
        },
        {
            "id": "1403412475765198850",
            "text": "Esta ma\u00f1ana, trabajadores de empresas tercerizadas de Edesur que fueron despedidos en pandemia, junto a organizaciones sociales, cortaron el Puente Pueyrred\u00f3n. Desde el lugar de los hechos estuvo @JuanCoscarelli \ud83d\udc47 https://t.co/6ZhZwcjkfo"
        },
        {
            "id": "1403401777848979461",
            "text": "\ud83c\udf99\ufe0fLa diputada nacional del Frente de Todos por la Ciudad de Buenos Aires, Gisela Marziotta, celebr\u00f3 este viernes la iniciativa aprobada por la C\u00e1mara Baja que promueve la paridad de g\u00e9nero en los medios de comunicaci\u00f3n audiovisual \nhttps://t.co/hW2AtSSlVj"
        },
        {
            "id": "1403401082781540357",
            "text": "\ud83d\udd34Alberto Fern\u00e1ndez asegur\u00f3 que las medidas se van a extender hasta el 25 de junio y dijo que para el debate de la Ley Pandemia \"debemos esperar una semana m\u00e1s\"\ud83d\udc47\nhttps://t.co/j9fkIP14ym"
        },
        {
            "id": "1403400000047038465",
            "text": "\ud83d\udd34\u201cTenemos que seguir fortaleciendo las medidas de cuidado y minimizar todo riesgo. Hoy est\u00e1 venciendo el DNU que se va a renovar con esa mirada de riesgo epidemiol\u00f3gico\" anunci\u00f3  @carlavizzotti y asegur\u00f3 que el DNU se extiende hasta el 25 de junio. \nhttps://t.co/fRLHP5ZEuC"
        },
        {
            "id": "1403395877784506369",
            "text": "\ud83c\udf99\ufe0f| \"Estamos en una pandemia que vuelve a poner en valor la vida humana y la salud del hombre y la mujer y pone en valor el compromiso del Estado y la necesidad que est\u00e9 presente. Estos problemas no los resuelven los mercados\" declar\u00f3 @alferdez https://t.co/bfWu9ExCve"
        },
        {
            "id": "1403393557549944837",
            "text": "\ud83d\udd34La ministra de Salud, @carlavizzotti, anunci\u00f3 que el DNU del Gobierno Nacional, el cual implementa las restricciones para evitar la propagaci\u00f3n del coronavirus, se extiende hasta el 25 de junio. https://t.co/8w0Nvknaof"
        },
        {
            "id": "1403384033195741190",
            "text": "\ud83d\udd34#AHORA | \ud83e\ude7a\"Aquellos a quienes le hicieron dudar de las bondades de las vacunas, por favor, no crean lo que les dijeron\", enfatiz\u00f3 el presidente Alberto Fern\u00e1ndez (@alferdez), en la inauguraci\u00f3n de la obras del primer Centro de Protonterapia en Latinoam\u00e9rica. https://t.co/7izIfIuAuG"
        },
        {
            "id": "1403383356209893378",
            "text": "\ud83d\udd34#AHORA | \ud83e\ude7a\"La pandemia puso en valor el compromiso del Estado\", subray\u00f3 el presidente Alberto Fern\u00e1ndez (@alferdez), en la inauguraci\u00f3n de la obras del primer Centro de Protonterapia en Latinoam\u00e9rica. https://t.co/mQlsoceBzb"
        },
        {
            "id": "1403382354673012736",
            "text": "\ud83d\udd34#AHORA | \ud83e\ude7aLa Ministra de Salud de la Naci\u00f3n, Carla Vizzotti (@carlavizzotti) anunci\u00f3 que el DNU se extender\u00e1 hasta el 25 de junio. https://t.co/yQff9WQRoo"
        },
        {
            "id": "1403381461886148609",
            "text": "\ud83d\udd34#AHORA | \ud83e\ude7a\"La salud de los habitantes necesita del Estado\", coment\u00f3 Alberto Fern\u00e1ndez (@alferdez) en el Congreso Nacional de Energ\u00eda At\u00f3mica. https://t.co/LMkgh1YegU"
        },
        {
            "id": "1403380406301429761",
            "text": "\ud83d\udd34#AHORA | \ud83e\ude7aHabla Alberto Fern\u00e1ndez (@alferdez)  desde Agronom\u00eda mientras el Gobierno Nacional prepara un nuevo DNU. https://t.co/YDQYAGu3ot"
        },
        {
            "id": "1403379791798095877",
            "text": "\ud83d\udd34#AHORA | Habla Alberto Fern\u00e1ndez desde Agronom\u00eda. El Gobierno Nacional prepara un nuevo DNU. \n\nLo ves en vivo en\ud83d\udc49https://t.co/SeLDlRN62g https://t.co/PzYYFymrvd"
        },
        {
            "id": "1403379405922213896",
            "text": "\ud83d\udd34#AHORA | \ud83c\udf99\ufe0f \u201cEn el d\u00eda de hoy lleg\u00f3 firmado el contrato con Sinopharm por 2 millones de dosis que van a llegar durante junio\u201d afirma @carlavizzotti desde Agronom\u00eda https://t.co/9zcBMfb0Ww"
        },
        {
            "id": "1403379178691510272",
            "text": "\ud83d\udd34#AHORA | Habla Carla Vizzotti desde Agronom\u00eda sobre la situaci\u00f3n epidemiol\u00f3gica y las nuevas restricciones. \n\n\ud83d\udc49https://t.co/SeLDlRN62g https://t.co/DQo2W9bi93"
        },
        {
            "id": "1403365808911290371",
            "text": "El gobernador de la provincia de Buenos Aires, Axel Kicillof, brindar\u00e1 una conferencia de prensa en la que dar\u00e1 detalles sobre la situaci\u00f3n epidemiol\u00f3gica y de las nuevas medida a implementar. \ud83d\udccc Ser\u00e1 a las 16hs desde Casa de Gobierno en La Plata\nhttps://t.co/kqQIPfc38q"
        },
        {
            "id": "1403353082373758977",
            "text": "\ud83c\udfaePablo Toscano es director T\u00e9cnico de Animaci\u00f3n en Ubisoft, una de las empresas de videojuegos m\u00e1s importantes del mundo y es uno de los referentes argentinos en la industria del gaming. Su historia la cuentan @RippyRizza y @guilloleoz en #MalditosNerds \nhttps://t.co/BXPvba3re2"
        },
        {
            "id": "1403351964126228488",
            "text": "La Provincia de Buenos Aires alcanz\u00f3 los 43.011 fallecimientos por COVID-19. Los casos positivos de coronavirus en territorio bonaerense ascendieron este viernes a 1.708.273 en total tras confirmarse 9.490 nuevos contagios en las \u00faltimas 24 horas. \nhttps://t.co/OIdbfXlaU6"
        },
        {
            "id": "1403351502983475208",
            "text": "\ud83d\udd34Trabajadores de empresas tercerizadas de Edesur que fueron despedidos en pandemia, junto a organizaciones sociales, mantienen un corte en el Puente Pueyrred\u00f3n\ud83d\udc47\nhttps://t.co/tAFchxVvue"
        },
        {
            "id": "1403322174035927045",
            "text": "\ud83c\udde6\ud83c\uddf7 El presidente Alberto Fern\u00e1ndez anunciar\u00e1 un nuevo DNU donde se extender\u00edan las medidas de emergencia epidemiol\u00f3gica y sanitaria por dos semanas. \ud83d\udc47\n\nhttps://t.co/z50465Iv5w"
        },
        {
            "id": "1403321585176547329",
            "text": "\ud83d\udd34 La Ciudad de Buenos Aires registr\u00f3 un total de 1.678 de casos positivos y 53 fallecimientos por COVID-19, en las \u00faltimas 24 horas. \ud83d\udc47\n\nhttps://t.co/odI9ZZQ5y8"
        },
        {
            "id": "1403318925639786497",
            "text": "\ud83d\udd34Protesta y corte total en puente Pueyrred\u00f3n. Manifestantes bloquearon el tr\u00e1nsito hacia CABA en reclamo de salarios dignos, trabajo y vacunas.\n\nSeguilo en vivo\ud83d\udc49: https://t.co/ojvL8xw36B https://t.co/EJ3yFTnEQu"
        },
        {
            "id": "1403317363051728898",
            "text": "#AHORA | \ud83c\udf99\ufe0f\"Todav\u00eda tenemos muchos casos y necesitamos que bajen. Hay que protegerse y encontrarse poco tiempo, en lugares abiertos\" \n@FernanQuirosBA https://t.co/zUA4na3ydg"
        },
        {
            "id": "1403313202067394561",
            "text": "#AHORA | \ud83c\udf99\ufe0f\"Necesitamos ir construyendo entre la comunidad, agentes activos de participaci\u00f3n en esta pandemia\" @FernanQuirosBA \n\nSeguilo en vivo \ud83d\udc49 https://t.co/ojvL8xw36B https://t.co/iTcUXxGh80"
        },
        {
            "id": "1403305972844617728",
            "text": "\ud83c\udff3\ufe0f\u200d\ud83c\udf08 La C\u00e1mara de Diputados de la Naci\u00f3n otorg\u00f3 media sanci\u00f3n a la \"Ley de acceso al empleo Formal para personas travesti, transexuales y transg\u00e9neros\". \n\n\ud83d\udc49 La votaci\u00f3n en el recinto arroj\u00f3 207 positivos, 11 negativos y 7 abstenciones. \n\nhttps://t.co/Ag2LP60mc8"
        },
        {
            "id": "1403305167131381761",
            "text": "\ud83d\udc89\ud83c\udde6\ud83c\uddf7 Argentina lleg\u00f3 a un nuevo r\u00e9cord de aplicaci\u00f3n de vacunas contra el COVID-19, con 376.816 aplicaciones en las \u00faltimas 24 horas. \ud83d\udc47\n\nhttps://t.co/ZchzfOJ6oR"
        },
        {
            "id": "1403180387757613058",
            "text": "\u2b55\ufe0f El bi\u00f3logo molecular, inmun\u00f3logo y biotecn\u00f3logo Ernesto Resnik y el senador correntino Mart\u00edn Barrionuevo analizaron la variante Delta de COVID-19 y el futuro de la pandemia.\n\n\ud83d\udc49 En #Redacci\u00f3nIP con @andresfidanza, @blancopatricia y @leandrorenou1.\n\nhttps://t.co/bV3bfl76mV"
        },
        {
            "id": "1403168859079708676",
            "text": "\ud83d\udcfa | Todas las noches a las 23 llega #IP30, un resumen de la programaci\u00f3n del d\u00eda.\n\n1\u20e3 Pablo Stefanoni en Redacci\u00f3n IP.\n2\u20e3 Variante Delta del COVID-19.\n3\u20e3 \u00bfQu\u00e9 es Microtapes Records?\n\n\ud83c\udf99\ufe0f Con @moviortiz.\n\nhttps://t.co/eJMbacs1CG https://t.co/QMrCpd0JeG"
        },
        {
            "id": "1403166879217328132",
            "text": "\ud83d\udccb Con 190 votos a favor, 16 negativos y 43 abstenciones, la C\u00e1mara de Diputados aprob\u00f3 este jueves por la noche el proyecto para reducir las tarifas de gas en zonas de bajas temperaturas.\n\nhttps://t.co/wWmZIwaKJG"
        },
        {
            "id": "1403163632591114247",
            "text": "\u2b55\ufe0f#AHORA en #Redacci\u00f3nIP | \"Biden tiene gran presi\u00f3n del mundo econ\u00f3mico para que avance la vacuna\"\n\ud83c\udf99\ufe0f@ernestorr y @mmbarrionuevo debaten sobre la variante Delta de COVID-19.\nCon @andresfidanza, @blancopatricia y @leandrorenou1.\nSeguilo en vivo\ud83d\udc49https://t.co/PgSaBmb7Ec https://t.co/4tvY5ABqvm"
        },
        {
            "id": "1403162307807547392",
            "text": "\u2b55\ufe0f#AHORA en #Redacci\u00f3nIP | \"Las variantes son las problem\u00e1ticas del momento\", Ernesto Resnik.\n\n\ud83c\udf99\ufe0f@ernestorr y @mmbarrionuevo debaten sobre la variante Delta de COVID-19.\nCon @andresfidanza, @blancopatricia y @leandrorenou1.\nSeguilo en vivo\ud83d\udc49https://t.co/PgSaBmb7Ec https://t.co/BYKaoXIe5K"
        },
        {
            "id": "1403161609678249985",
            "text": "\u2b55\ufe0f#AHORA en #Redacci\u00f3nIP | \"Seg\u00fan un estudio el 90% de los argentinos se quiere vacunar\", Mart\u00edn Barrionuevo.\n\n\ud83c\udf99\ufe0f@ernestorr y @mmbarrionuevo debaten sobre la variante Delta de COVID-19.\nCon @andresfidanza, @blancopatricia y @leandrorenou1.\nSeguilo en vivo\ud83d\udc49https://t.co/PgSaBmb7Ec https://t.co/NzuA0XXvxb"
        },
        {
            "id": "1403160984630575105",
            "text": "\u2b55\ufe0f#AHORA en #Redacci\u00f3nIP | \"La pandemia nos mostr\u00f3 el padecimiento ajeno y ahora lo vivimos\"\n\n\ud83c\udf99\ufe0f@ernestorr y @mmbarrionuevo debaten sobre la variante Delta de COVID-19.\nCon @andresfidanza, @blancopatricia y @leandrorenou1.\nSeguilo en vivo\ud83d\udc49https://t.co/PgSaBmb7Ec https://t.co/PZU4UccnDj"
        },
        {
            "id": "1403160642173997059",
            "text": "\u2b55\ufe0f#AHORA en #Redacci\u00f3nIP | \"Lentamente regresaremos a una normalidad aunque llevar\u00e1 tiempo\", Ernesto Resnik.\n\n\ud83c\udf99\ufe0f@ernestorr y @mmbarrionuevo debaten sobre la variante Delta de COVID-19.\nCon @andresfidanza, @blancopatricia y @leandrorenou1.\nSeguilo en vivo\ud83d\udc49https://t.co/PgSaBmb7Ec https://t.co/HjadFagOf5"
        },
        {
            "id": "1403160100991385604",
            "text": "\ud83c\udf99\ufe0f El embajador argentino en Espa\u00f1a, Ricardo Alfons\u00edn, convers\u00f3 en #IPNoticias Edici\u00f3n Central sobre los dichos del presidente Alberto Fern\u00e1ndez durante la visita del presidente de Espa\u00f1a, Pedro S\u00e1nchez.\n\n\ud83d\udc49 Con @nbg__ y @gsued.\n\nhttps://t.co/SFKayzXn2L https://t.co/no5TitmX9s"
        },
        {
            "id": "1403152537939812352",
            "text": "\ud83d\udcfa En #IPNoticias | \"Es una noche muy importante porque se est\u00e1n ampliando derechos\".\n\nLa diputada Nacional Gisela Marziotta desde el Congreso de la Naci\u00f3n.\n\n\ud83d\udc49 Con @nbg__ y @gsued. https://t.co/cEU2pIAGgR"
        },
        {
            "id": "1403151782944063492",
            "text": "\ud83c\udf99\ufe0f La diputada Nacional del Frente de Todos, Gisela Marziotta, convers\u00f3 con #IPNoticias Edici\u00f3n Central desde el Congreso de la Naci\u00f3n.\n\n\ud83d\udc49 Con @nbg__ y @gsued.\n\nhttps://t.co/PRbXkNuUF5 https://t.co/FEdDzJv0PW"
        },
        {
            "id": "1403149479486820353",
            "text": "\u26bd\ufe0f La Confederaci\u00f3n Sudamericana de F\u00fatbol oficializ\u00f3 la lista de jugadores convocados por el entrenador argentino Lionel Scaloni para disputar la Copa Am\u00e9rica en Brasil.\n\nhttps://t.co/MtFoh0h5Eh"
        },
        {
            "id": "1403145554348187650",
            "text": "\ud83d\udcde | Y en otro momento de la conversaci\u00f3n volvi\u00f3 a insistir \ud83d\ude02 https://t.co/THcjOvARzA"
        },
        {
            "id": "1403145516662333448",
            "text": "\ud83d\udcfa | Misterio en #IPNoticias.\n\n\ud83e\udd14 \u00bfQui\u00e9n llam\u00f3 a Ricardo Alfons\u00edn durante la entrevista con @nbg__ y @gsued? https://t.co/dbjAQuFpv8"
        },
        {
            "id": "1403145382390120448",
            "text": "\ud83d\udcfa En #IPNoticias | \u00bfPor qu\u00e9 Ricardo Alfons\u00edn decidi\u00f3 aceptar el cargo de embajador en Espa\u00f1a?\n\n\"Preferir\u00eda estar en Argentina, tres veces me ofreci\u00f3 ese puesto Alberto\", dijo.\n\n\ud83c\udf99\ufe0f Con @nbg__ y @gsued. https://t.co/p3sI2fvCtZ"
        },
        {
            "id": "1403141403073564676",
            "text": "\ud83d\udcfa #AHORA en #IPNoticias | \"Preferir\u00eda estar en Argentina, tres veces me ofreci\u00f3 este puesto Alberto\".\n\n\ud83c\udf99\ufe0f El embajador argentino en Espa\u00f1a, Ricardo Alfons\u00edn, en di\u00e1logo con @nbg__ y @gsued.\n\nSeguilo en vivo \ud83d\udc49 https://t.co/PgSaBmb7Ec https://t.co/781mDkzUgK"
        },
        {
            "id": "1403140825589104642",
            "text": "\ud83d\udcfa #AHORA en #IPNoticias | \"Creo que la UCR tiene que abandonar el espacio del PRO\".\n\n\ud83c\udf99\ufe0f El embajador argentino en Espa\u00f1a, Ricardo Alfons\u00edn, en di\u00e1logo con @nbg__ y @gsued.\n\nSeguilo en vivo \ud83d\udc49 https://t.co/PgSaBmb7Ec https://t.co/SAN4J0O9ce"
        },
        {
            "id": "1403140136091672578",
            "text": "\ud83d\udcfa #AHORA en #IPNoticias | \"Todos los pa\u00edses tuvieron problemas con la provisi\u00f3n de vacunas\".\n\n\ud83c\udf99\ufe0f El embajador argentino en Espa\u00f1a, Ricardo Alfons\u00edn, en di\u00e1logo con @nbg__ y @gsued.\n\nSeguilo en vivo \ud83d\udc49 https://t.co/PgSaBmb7Ec https://t.co/DAPEk6h2tZ"
        }
    ],
    "meta": {
        "newest_id": "1403834306775158788",
        "next_token": "b26v89c19zqg8o3fpdg86cq4deg2mu6rr3wpt2qkxlta5",
        "oldest_id": "1403140136091672578",
        "result_count": 100
    }
}