{
    "data": [
        {
            "id": "1407106859257892877",
            "text": "Luz roja del Gobierno para el turismo al exterior: \"No es momento de viajar\" https://t.co/Ttif6pG68L"
        },
        {
            "id": "1407105840205557764",
            "text": "Espa\u00f1a: S\u00e1nchez confirm\u00f3 que indultar\u00e1 a los l\u00edderes separatistas catalanes https://t.co/E9a6umcymO"
        },
        {
            "id": "1407104819660156928",
            "text": "Covid-19: Ciudad habilita la vacunaci\u00f3n de mayores de 40 a\u00f1os sin comorbilidades https://t.co/rnDuGIwkOx"
        },
        {
            "id": "1407097897988984847",
            "text": "Lleg\u00f3 un vuelo de Aerol\u00edneas Argentinas con m\u00e1s de 700 mil dosis de Sinopharm de China https://t.co/y5ipd2NyAf"
        },
        {
            "id": "1407093865773821953",
            "text": "Una multinacional abri\u00f3 una b\u00fasqueda para cubrir 1.200 puestos de trabajo https://t.co/tn1F3GrWjI"
        },
        {
            "id": "1407090809803968518",
            "text": "OMS advirti\u00f3 que la variante Delta del coronavirus tiene el potencial de ser m\u00e1s letal https://t.co/j4VjEyAytF"
        },
        {
            "id": "1407088741194207232",
            "text": "Italia elimina el uso obligatorio de barbijo al aire libre https://t.co/uYDDxYg9wi"
        },
        {
            "id": "1407086698740162561",
            "text": "Eurocopa: Holanda, B\u00e9lgica y un clasificado por primera vez https://t.co/pDSWCbvIP6"
        },
        {
            "id": "1407085673471873029",
            "text": "La industria creci\u00f3 5,1% en el primer cuatrimestre de este a\u00f1o y fue una de las que mayor recuperaci\u00f3n tuvo a nivel mundial https://t.co/4JoPwCPGx2"
        },
        {
            "id": "1407081603675803679",
            "text": "Alberto Samid tras el escrache: \"No tengo que andar explicando que tengo salidas laborales\" https://t.co/j8BDAt2txz"
        },
        {
            "id": "1407076480832589839",
            "text": "Qatar advirti\u00f3 que no permitir\u00e1 el ingreso a los estadios a las personas que no est\u00e9n vacunadas https://t.co/35sY9rxJt2"
        },
        {
            "id": "1407074448188985354",
            "text": "Gur\u00fa que pronostic\u00f3 la crisis de 2008 advierte que el precio del Bitcoin caer\u00e1 a cero a largo plazo https://t.co/3ktUYD127u"
        },
        {
            "id": "1407073560842153984",
            "text": "\ud83e\udd69 #Carne | El campo espera en alerta los anuncios del Gobierno \n\n\u270d\ufe0f @apriledaniel https://t.co/yWmeoyG3yY"
        },
        {
            "id": "1407070190945320965",
            "text": "\ud83c\udde6\ud83c\uddf7\ud83d\udce6 #Negocios | La compa\u00f1\u00eda al estilo Amazon Go utiliza \"computer vision\" para comprar sin intermediarios y pagar con billetera virtual\n\n\"A nivel global no hay una soluci\u00f3n como la nuestra\", resume Tom\u00e1s Manzitti, cofundador.\n\n\u270d\ufe0f @GonaZanotti \n\n\ud83d\udc49 https://t.co/tIzaOkurcO https://t.co/Ki68Gheb0v"
        },
        {
            "id": "1407069273776922624",
            "text": "\u26bd\ufe0f\ud83d\udcfb #CopaAmerica en @Radio10 \n\n\ud83c\udde6\ud83c\uddf7\ud83c\uddf5\ud83c\uddfe Segu\u00ed hoy el duelo entre Argentina y Paraguay https://t.co/muJXe4rKGa"
        },
        {
            "id": "1407068390989119493",
            "text": "Ni la soja, ni el ma\u00edz, es el precio relativo lo que importa \n\n\u270d\ufe0f @MauroCognetta https://t.co/2bExr3VBfc"
        },
        {
            "id": "1407067855775014913",
            "text": "\ud83d\uddde\u2b55\ufe0f ENTREVISTA EXCLUSIVA | Reviv\u00ed las declaraciones del jefe de gabinete de la Naci\u00f3n, @santiagoacafiero con @eze222 en nuestro canal de YouTube.\n\n\ud83c\udfa5 \ud83d\udc49 https://t.co/56s42sIcYk\n\n#CafieroEnAmbito https://t.co/Hld9a7sdSC"
        },
        {
            "id": "1407066281514192925",
            "text": "La ivermectina ser\u00eda eficaz en el tratamiento contra el Covid-19, seg\u00fan un estudio local https://t.co/fYCe5Kp99O"
        },
        {
            "id": "1407063886881247245",
            "text": "\u2665\ufe0f\ud83d\udc36 #EstiloA | \u00bfC\u00f3mo impacta tener una mascota en tu estado de \u00e1nimo?\nhttps://t.co/1SihriEohk"
        },
        {
            "id": "1407060242081402883",
            "text": "Jair Bolsonaro contra Lula da Silva: \"Solamente con fraude el 'nueve dedos' puede volver\" https://t.co/c6LNI0hGqh"
        },
        {
            "id": "1407059214405668870",
            "text": "Fernando Espinoza: \"El Peronismo Bonaerense dio el primer gran paso hacia las elecciones\" https://t.co/RO6grBxFqL"
        },
        {
            "id": "1407057544149884933",
            "text": "\ud83d\udc67\ud83c\udffb #EstiloA | La diabetes en la infancia\nhttps://t.co/5uIfoi2uuw"
        },
        {
            "id": "1407056911162298380",
            "text": "\ud83e\udd6c\u2665\ufe0f #EstiloA | La vitamina D podr\u00eda ayudar a prevenir el COVID-19 y sus complicaciones \n\u270d\ufe0f Vanesa Longobardi \nhttps://t.co/fq50MiHBkt"
        },
        {
            "id": "1407056158087647236",
            "text": "Escrachan a Alberto Samid por ir a un bar y violar la prisi\u00f3n domiciliaria https://t.co/IU1pMxfz9X"
        },
        {
            "id": "1407055393734463495",
            "text": "\ud83d\udcb0\ud83d\udcf1 Ahora 12 con Mercado Pago: c\u00f3mo usarlo en tu negocio \nhttps://t.co/XJcGLb6VI4"
        },
        {
            "id": "1407054097241493508",
            "text": "\u2696\ufe0f En cuanto a la brecha salarial por g\u00e9nero, las m\u00e1s amplias se observan en las ciencias aplicadas y las ciencias sociales, mientras que se encuentran brechas menores en ciencias de la salud y en ciencias humanas.\n\n\ud83d\udc49 https://t.co/ISQ82eobgC https://t.co/CVkKfIwT7B"
        },
        {
            "id": "1407054090258075649",
            "text": "\ud83d\udcca\ud83d\udcb0 #Empleo | Las carreras mejor y PEOR pagas en Argentina\n\n\ud83d\udcdaUn estudio oficial midi\u00f3 la relaci\u00f3n entre la carrera que elegimos y el nivel salarial al que accedemos seg\u00fan el g\u00e9nero, edad y lugar de residencia, entre otros rasgos.\n\n\ud83d\udc49 https://t.co/ISQ82eobgC https://t.co/t7WimdvMyT"
        },
        {
            "id": "1407048585183731715",
            "text": "\ud83c\uddf2\ud83c\uddfe\ud83c\udfca\ud83c\udffb\u200d\u2640\ufe0f Cindy Ong, la exnadadora que rompi\u00f3 el tab\u00fa de los abusos sexuales en Malasia\nhttps://t.co/jcFqUepnwC"
        },
        {
            "id": "1407048213882884097",
            "text": "La jubilaci\u00f3n por tareas de cuidado de hijos: \u00bfAntifaz a la regresividad de los derechos sociales? \n\u270d\ufe0f Mar\u00eda Emilia Carrozza \nhttps://t.co/DGbV4OLR3z"
        },
        {
            "id": "1407047865151758340",
            "text": "El fin de mi relaci\u00f3n laboral: \u00bfY ahora qu\u00e9 hago?\n\u270d\ufe0f Mariana Castrelos @MCLHH \nhttps://t.co/eYzvWlrkBx"
        },
        {
            "id": "1407046128751812608",
            "text": "Luego de criticar a la plataforma por a\u00f1os Steven Spielberg se asocia con Netflix https://t.co/2qQVQ1k7NX"
        },
        {
            "id": "1407043137206468608",
            "text": "Radio 10 en la Copa Am\u00e9rica: segu\u00ed hoy el duelo entre Argentina y Paraguay https://t.co/DdiYEXYulM"
        },
        {
            "id": "1407038138376196099",
            "text": "Cuba suspende los dep\u00f3sitos de d\u00f3lares en efectivo por el bloqueo de EEUU https://t.co/cLNmttaPlv"
        },
        {
            "id": "1407036312117461007",
            "text": "\ud83c\udfe0\ud83c\udf0e Reconversi\u00f3n inmobiliaria: \u00e9xodo al exterior y cambio de paradigma en el negocio\nhttps://t.co/gdGkYagpI6"
        },
        {
            "id": "1407036084442177542",
            "text": "Vacunaci\u00f3n contra el Covid-19: Neuqu\u00e9n abri\u00f3 la inscripci\u00f3n para mayores de 35 a\u00f1os https://t.co/2ZmB2sCpHr"
        },
        {
            "id": "1407032070812016640",
            "text": "Morgan Stanley, \"bajista\" en las divisas de mercados emergentes por aumento de riesgo de taper tantrum https://t.co/UPCEhD8EG4"
        },
        {
            "id": "1407032040634011649",
            "text": "A 35 a\u00f1os, volv\u00e9 a gritar el gol de Maradona a Inglaterra https://t.co/Y5lh9WB9oT"
        },
        {
            "id": "1407029855288500233",
            "text": "\ud83c\udde6\ud83c\uddf7\ud83d\udee2 YPF logr\u00f3 nuevo r\u00e9cord de perforaci\u00f3n en Vaca Muerta https://t.co/BOVdxuws4B"
        },
        {
            "id": "1407027954891169798",
            "text": "Carla Vizzotti: \"Ninguna dosis de ninguna vacuna vence\" https://t.co/t7lc927gXe"
        },
        {
            "id": "1407026459621855239",
            "text": "\ud83d\udd0c\u2705 #Energia | La fibra \u00f3ptica como tecnolog\u00eda para mejorar la calidad del servicio el\u00e9ctrico https://t.co/eydRYwB2Fc"
        },
        {
            "id": "1407025863787356160",
            "text": "Desbarataron una fiesta clandestina en Palermo: hab\u00eda m\u00e1s de 100 personas en una terraza https://t.co/aSPmmPIKZA"
        },
        {
            "id": "1407025211917144064",
            "text": "\u274c \u267b\ufe0f #Energia | El Fondo Monetario Internacional propuso incrementar los castigos econ\u00f3micos a las energ\u00edas m\u00e1s contaminantes, ya sea a trav\u00e9s de suba de impuestos o con la aplicaci\u00f3n de un precio m\u00ednimo internacional del carbono. https://t.co/jvkff5pwZR"
        },
        {
            "id": "1407021669647097858",
            "text": "\ud83d\udc89 El 25% restante, es decir, unos 14 millones de dosis, se repartir\u00edan entre \"prioridades regionales\" como: \n\ud83d\udccdArgentina\n\ud83d\udccdColombia\n\ud83d\udccdIrak\n\ud83d\udccdUcrania\n\ud83d\udccdCisjordania\n\ud83d\udccdGaza\n\nhttps://t.co/NdAohQZCzI"
        },
        {
            "id": "1407021667646377990",
            "text": "\ud83c\udde6\ud83c\uddf7\ud83c\uddfa\ud83c\uddf8 #COVID19 | El presidente @JoeBiden present\u00f3 un plan para compartir 55 millones de dosis en todo el mundo. \n\n\ud83c\udf10 Se asignar\u00e1n aproximadamente el 75% de las dosis (14 millones) a Am\u00e9rica Latina y el Caribe, Asia (16 millones) y \u00c1frica (10 millones) a trav\u00e9s del programa COVAX. https://t.co/mTiyxuQTgN"
        },
        {
            "id": "1407020830052126721",
            "text": "Regresan las clases presenciales en localidades con menos de 30.000 habitantes en C\u00f3rdoba https://t.co/1srogp54Z5"
        },
        {
            "id": "1407020804315910150",
            "text": "Las clases presenciales vuelven en 18 localidades de Santa Fe https://t.co/AL7EvOWoJO"
        },
        {
            "id": "1407019796848267266",
            "text": "Netflix y Amazon ser\u00e1n sometidas a nuevas regulaciones en Gran Breta\u00f1a https://t.co/Onbc40wF9y"
        },
        {
            "id": "1407019769455206408",
            "text": "Actor de \"Friends\" revel\u00f3 que lucha contra un c\u00e1ncer de pr\u00f3stata en estado avanzado https://t.co/O9w1jiEvL5"
        },
        {
            "id": "1407015752532627460",
            "text": "\ud83c\udde6\ud83c\uddf7 #Energ\u00eda | El Gobierno nacional dise\u00f1\u00f3 un nuevo sistema de gasoductos que permitir\u00e1n ahorrar unos u$s1.150 millones por a\u00f1o por la sustituci\u00f3n de importaciones, lo que redundar\u00e1 en un ahorro fiscal anual de casi u$s600 millones. https://t.co/q7Dcs0xC94"
        },
        {
            "id": "1407013922037714948",
            "text": "Mara Ruiz Malec: \"El empleo registrado ya muestra un crecimiento\"\n\n\u270d @Bruno_Lazzaro\nhttps://t.co/90Vsmq2pJi"
        },
        {
            "id": "1407013657452572673",
            "text": "Covid-19: Estados Unidos donar\u00e1 vacunas a la Argentina https://t.co/alCBmUuPOA"
        },
        {
            "id": "1407011821798805505",
            "text": "\ud83d\udcb0 \u00bfEs sostenible el rally de la deuda argentina?\n\n\u270d Gloria Patr\u00f3n Costas \nhttps://t.co/F6sQCX2oYi"
        },
        {
            "id": "1407010632927301633",
            "text": "Esc\u00e1ndalo en la Selecci\u00f3n de Uruguay: detuvieron al jefe de seguridad tras una denuncia de \"acoso y hostigamiento sexual\" https://t.co/grF3funfvc"
        },
        {
            "id": "1407010098958983172",
            "text": "\u26f7Patagonia busca que haya turismo extranjero en temporada invernal\n\n\u270d @ArielBasile\nhttps://t.co/SVest6gRMP"
        },
        {
            "id": "1407004813175447555",
            "text": "M\u00e1s acciones ante la pandemia\n\n\u270d @CarlosHeller\nhttps://t.co/enqUJRFnUM"
        },
        {
            "id": "1407004475143987205",
            "text": "\ud83d\udce2 Gremios apuran revisi\u00f3n paritaria para cubrirse de inflaci\u00f3n; Sanidad, cerca del conflicto\n\n\u270d @marianoemartin\nhttps://t.co/Q6SA2Lbq0B"
        },
        {
            "id": "1407003222569594885",
            "text": "\ud83d\udd14 Suscribite a nuestro canal y activ\u00e1 las notificaciones para encontrar la \u00faltima informaci\u00f3n sobre econom\u00eda y pol\u00edtica \n\nhttps://t.co/wuUyRP0gLI https://t.co/YFyuOGwYRx"
        },
        {
            "id": "1407002497135235085",
            "text": "El d\u00f3lar pierde fuerza tras \u00faltimos comentarios de la Fed https://t.co/q6RAihqT80"
        },
        {
            "id": "1407002486666240003",
            "text": "Bonos, fondos y cedears: c\u00f3mo invertir el aguinaldo en el mercado de capitales para principiantes https://t.co/KZ4lpfBVwl"
        },
        {
            "id": "1407001439881207810",
            "text": "Migraciones iniciar\u00e1 casi 300 acciones penales por incumplimiento de cuarentena https://t.co/ocQtOAYhOd"
        },
        {
            "id": "1406998904630132743",
            "text": "\u26a0\ufe0f Investigar\u00e1n a juez de Bah\u00eda Blanca por haber mantenido reuni\u00f3n secreta con AFIP por B\u00e1ez\n\n\u270d @sofiacaram\nhttps://t.co/dKtAtlAKA8"
        },
        {
            "id": "1406997338497839112",
            "text": "La Provincia extiende canje hasta el 2 de julio y siguen negociaciones https://t.co/homnFy3i9F"
        },
        {
            "id": "1406997299352330244",
            "text": "Una semana sin Guadalupe Lucero: lo qu\u00e9 se sabe hasta ahora https://t.co/LMffgwLhG0"
        },
        {
            "id": "1406996313221177345",
            "text": "Atlanta Hawks venci\u00f3 a Philadelphia y es finalista en el Este https://t.co/TU4UxZ8mSA"
        },
        {
            "id": "1406996292979499014",
            "text": "Una jubilada descubri\u00f3 \"el cuento del t\u00edo\" y ayud\u00f3 a detener a un estafador porte\u00f1o https://t.co/dhbBPJJPQi"
        },
        {
            "id": "1406991210548322305",
            "text": "Susana Gim\u00e9nez con \"muy buena evoluci\u00f3n\" tras 11 d\u00edas internada https://t.co/KuzJ8cNJDW"
        },
        {
            "id": "1406991189090267140",
            "text": "Manu Chao cumple 60 a\u00f1os: una vida de m\u00fasica, viajes y compromiso social https://t.co/a9UIiIg5CK"
        },
        {
            "id": "1406989108162056199",
            "text": "\"Messi me destruy\u00f3 mentalmente\", revel\u00f3 un exdefensor campe\u00f3n del mundo https://t.co/iNmpjnBK88"
        },
        {
            "id": "1406988058600247304",
            "text": "D\u00eda del padre: \u00bfCu\u00e1nto gastaron los argentinos en regalos para pap\u00e1? https://t.co/hUMCzXrueF"
        },
        {
            "id": "1406983865646813191",
            "text": "Contadores piden a la AFIP pr\u00f3rroga de los vencimientos del Impuesto a las Ganancias y Bienes Personales https://t.co/bV2n6JxNQ2"
        },
        {
            "id": "1406981883808739332",
            "text": "Diego Boneta ser\u00eda demandado por un actor de \"Luis Miguel, la serie\" https://t.co/Srsk6QKTW3"
        },
        {
            "id": "1406980894330548224",
            "text": "Baja el d\u00f3lar en el mundo, mientras las bolsas europeas rebotan desde m\u00ednimos en un mes https://t.co/FgDASAsRM8"
        },
        {
            "id": "1406980230686941184",
            "text": "\"Flexiseguridad\": empujan empresarios cambios en las indemnizaciones\n\n\u270d @fbbarragan\nhttps://t.co/saJPGA4yXY"
        },
        {
            "id": "1406979849168687105",
            "text": "Las marcas m\u00e1s valiosas: las chinas amenazan el reinado de Amazon, Apple y Google https://t.co/ihgf9a1C7H"
        },
        {
            "id": "1406975802097344523",
            "text": "Masterchef: cu\u00e1ndo es la final y qui\u00e9nes quedan https://t.co/Z8t4T8maJ5"
        },
        {
            "id": "1406975771655106570",
            "text": "Subasta millonaria de una de las obras m\u00e1s cotizadas de Kandinsky https://t.co/4Kc9AVWkBy"
        },
        {
            "id": "1406974766959894528",
            "text": "LaLiga advierte que no permitir\u00e1 privilegios al Barcelona para el contrato de Messi https://t.co/EVOFhaEBLF"
        },
        {
            "id": "1406974697913389057",
            "text": "\ud83d\udcbc Empleos: \u00bfcu\u00e1les son los perfiles m\u00e1s buscados por los supermercados? \n\n\u270d @marianaleivaok \nhttps://t.co/6jeNPw1A8l"
        },
        {
            "id": "1406970529748193281",
            "text": "Un apostador cordob\u00e9s gan\u00f3 m\u00e1s de $192 millones en el Quini 6 https://t.co/emyCqIyoKW"
        },
        {
            "id": "1406968136864350214",
            "text": "\ud83e\udd69 Carne: Gobierno lanza medidas para aplacar precios y asegurar oferta\n\n\u270d @yayaninaa\nhttps://t.co/thRJD8a5lc"
        },
        {
            "id": "1406967400247926789",
            "text": "Sigue la b\u00fasqueda de Guadalupe: allanamientos y el an\u00e1lisis de un video https://t.co/pgiF3mNrnQ"
        },
        {
            "id": "1406967239203561477",
            "text": "\ud83d\udcb0 La Fed revisa sus n\u00fameros y los mercados, los suyos \u00bfSon buenas o malas noticias?\n\n\u270d @JSiabaSerrate\nhttps://t.co/EurY74C5p9"
        },
        {
            "id": "1406963298935853056",
            "text": "Covid-19: llegaron m\u00e1s de un mill\u00f3n de vacunas AstraZeneca https://t.co/2YtUDM2qM3"
        },
        {
            "id": "1406963277049958409",
            "text": "Nadia Podoroska sube un puesto y mejora su ranking hist\u00f3rico https://t.co/nGlBR8n9mJ"
        },
        {
            "id": "1406963234687524878",
            "text": "Kike Teruel de Los Nocheros contra la vacunaci\u00f3n: \"Tenemos desconfianza\" https://t.co/WlCgiWNRbd"
        },
        {
            "id": "1406961168321630210",
            "text": "Chile vs. Uruguay: un duelo que le importa a la Argentina https://t.co/BMtno40BJn"
        },
        {
            "id": "1406960131749728257",
            "text": "La advertencia del DT de Paraguay a la Selecci\u00f3n argentina https://t.co/p4dAHhZ4QW"
        },
        {
            "id": "1406959465258180615",
            "text": "\ud83d\udde3 @SantiCafiero sobre la situaci\u00f3n econ\u00f3mica \n\n\ud83d\udc49  \u00c1mbito habl\u00f3 con el jefe de Gabinete, sobre la situaci\u00f3n econ\u00f3mica, la negociaci\u00f3n con el FMI y el esquema de vacunaci\u00f3n contra el Covid-19. \n\n\ud83c\udf99 @eze222\n\n\ud83d\udcf2 Mir\u00e1 la entrevista completa \nhttps://t.co/Hhv02ovZ77"
        },
        {
            "id": "1406959146591653895",
            "text": "Copa Am\u00e9rica de Brasil 2021: el Kun Ag\u00fcero, posible titular ante Paraguay https://t.co/m3zR6OBefB"
        },
        {
            "id": "1406959124235968517",
            "text": "Boxeo: un ex campe\u00f3n mundial argentino est\u00e1 internado por Covid-19 y su estado es delicado https://t.co/UC41kht5sP"
        },
        {
            "id": "1406958120098664449",
            "text": "Demb\u00e9l\u00e9 se queda fuera de la Eurocopa por una lesi\u00f3n en la rodilla https://t.co/UdXcz5ggXM"
        },
        {
            "id": "1406957079235944452",
            "text": "La pandemia cambi\u00f3 el consumo en YouTube: \u00bfQu\u00e9 fue lo m\u00e1s visto en el \u00faltimo a\u00f1o? https://t.co/4IrKwVP09o"
        },
        {
            "id": "1406955836321243137",
            "text": "\ud83d\udcb8 Argend\u00f3lares explican mejora en el stock de reservas del BCRA\n\n\u270d @JorgeGHerrera\nhttps://t.co/2p0aVM6nNS"
        },
        {
            "id": "1406949869508435969",
            "text": "Cruzada china contra las criptomonedas: cerr\u00f3 26 \"granjas\" https://t.co/AsGm7x3KVt"
        },
        {
            "id": "1406949849140846595",
            "text": "Un pitbull mat\u00f3 a otro perro, caus\u00f3 destrozos en una casa y fue baleado por la polic\u00eda https://t.co/MSVVluUQbl"
        },
        {
            "id": "1406949362362638336",
            "text": "\ud83d\udde3 @SantiCafiero: \"Con 70% de vacunaci\u00f3n y merma en la circulaci\u00f3n viral, se podr\u00e1 relajar el uso del barbijo\"\n\n\ud83d\udc49 Le\u00e9 la entrevista completa \n\n\u270d @eze222\nhttps://t.co/Ky7D7HJ1Co"
        },
        {
            "id": "1406946659485949955",
            "text": "Google le da la bienvenida al invierno https://t.co/Pyw5IjnlL6"
        },
        {
            "id": "1406945601414078472",
            "text": "Usain Bolt fue pap\u00e1 de gemelos y los bautiz\u00f3 con dos curiosos nombres https://t.co/MmEMinTn8C"
        },
        {
            "id": "1406945103999086602",
            "text": "\ud83d\udcbc \u00bfCu\u00e1les son las 20 carreras que mejor y peor pagan en Argentina? \n\nhttps://t.co/tSQtaZMCCd"
        },
        {
            "id": "1406942455145000962",
            "text": "Se hunde el Bitcoin tras una embestida de China contra la miner\u00eda https://t.co/n7Q5LvBB6x"
        }
    ],
    "meta": {
        "newest_id": "1407106859257892877",
        "next_token": "b26v89c19zqg8o3fpdg9galrea0oho1442km143kn6nb1",
        "oldest_id": "1406942455145000962",
        "result_count": 100
    }
}