{
    "data": [
        {
            "id": "1407110805326385153",
            "text": "VIDEO | Jair Bolsonaro se sac\u00f3 el barbijo y explot\u00f3 contra periodistas: \"Ustedes son una porquer\u00eda\" https://t.co/e4Wb6eSjLQ https://t.co/WZGAdLmJkb"
        },
        {
            "id": "1407104455737331718",
            "text": "Vacunaci\u00f3n: Este martes la Ciudad de Buenos Aires abrir\u00e1 la inscripci\u00f3n para mayores de 40 a 44 a\u00f1os sin comorbilidades https://t.co/Sxzk5N9Dft https://t.co/ZKF55hsnRy"
        },
        {
            "id": "1407100162787446793",
            "text": "\ud83c\udde6\ud83c\uddf7 ESTE MARTES A LAS 16:09 HS. \ud83d\udd1f #GritaloPorD10S\n\n\u26bd Se cumplen 35 a\u00f1os del mejor gol de todos los tiempos. \u00a1Revivilo con @VHMok y envianos el video de tu festejo a nuestras redes! \ud83d\ude4c\n\n\ud83c\udf99 \u00a1No te lo pierdas! Miralo por @C5N y en https://t.co/Og7yNyDbVx https://t.co/BKALzJF3UX"
        },
        {
            "id": "1407098838683357184",
            "text": "\ud83d\udd64ESTA NOCHE | No te pierdas Desaf\u00edo 2021 con @pabloduggan.\n\n\u2705Hoy: @NataliaBSalvo \n\n\ud83d\udc26Sumate con #DivididosXElCambio\n\n\ud83d\udcf2 A las 21:30 hs. por @C5N y en https://t.co/Og7yNyDbVx https://t.co/5SCqTFpgRP"
        },
        {
            "id": "1407097790904287240",
            "text": "REITERAMOS | \ud83c\udde8\ud83c\uddf3\ud83d\udeec\ud83c\udde6\ud83c\uddf7 Lleg\u00f3 a Ezeiza el avi\u00f3n de @Aerolineas_AR que trajo las primeras 768.000 dosis de una partida de 2 millones de la vacuna de Sinopharm desde China https://t.co/wsqe5WWH4u https://t.co/ehSZAz0ekt"
        },
        {
            "id": "1407095120823033859",
            "text": "\u2b55#AHORA\n\n\ud83c\udde8\ud83c\uddf3\ud83d\udeec\ud83c\udde6\ud83c\uddf7 Aterriz\u00f3 en el Aeropuerto de Ezeiza el avi\u00f3n de @Aerolineas_AR que trajo las primeras 768.000 dosis de una partida de dos millones de la vacuna de Sinopharm desde China https://t.co/Jd3olRqj57 https://t.co/QgcJHimqAR"
        },
        {
            "id": "1407092462485590018",
            "text": "\u27a1 ESTA NOCHE | No te pierdas #Recalculando con @julianguarino.\n\n\u2705 Hoy: @RossiAgustinOk, @dmvasco y @gabrielapiovan2\n\n\ud83d\udcf2 A las 23 hs. por @C5N y en https://t.co/Og7yNylAwX https://t.co/N4HBnQFsFN"
        },
        {
            "id": "1407091455856812033",
            "text": ".@SantiCafiero, en di\u00e1logo con @Ambitocom: \"Con 70% de vacunaci\u00f3n y merma en la circulaci\u00f3n viral, se podr\u00e1 relajar el uso del barbijo\" https://t.co/VvABEItDDQ https://t.co/YcGcd8LRw3"
        },
        {
            "id": "1407087404499013634",
            "text": "\ud83d\udfe5 ESTA NOCHE | No te pierdas Minuto Uno con @Gatosylvestre.\n\n\u2705Hoy: \u200bCecilia Todesca Bocco, @florcarignanook y @atilioboron.\n\n\u200b\ud83d\udc26Opin\u00e1 con #MacrismoExpl\u00edcito\n\n\ud83d\udcf2 A las 20 hs. por @C5N y en https://t.co/Og7yNyDbVx https://t.co/fM4LXvMR4d"
        },
        {
            "id": "1407084950906716167",
            "text": "Alberto Samid habl\u00f3 en @Radio10 tras el escrache: \"No tengo que andar explicando que tengo salidas laborales\" https://t.co/4OoE3XSB5w https://t.co/BAVJV6o91T"
        },
        {
            "id": "1407081022639034372",
            "text": "\ud83e\uddf3 @Migraciones_AR denunciar\u00e1 penalmente a 274 viajeros que incumplieron la cuarentena obligatoria que deb\u00edan realizar tras ingresar al pa\u00eds https://t.co/UpbQK2Rs4U https://t.co/CgM3N2olDr"
        },
        {
            "id": "1407079346234396674",
            "text": "\ud83d\udc04 Carne: El campo espera en alerta los anuncios del Gobierno https://t.co/7ioMGRdJIL\n\n\ud83d\udc49\ud83c\udffc Por @apriledaniel https://t.co/aQLg701hbQ"
        },
        {
            "id": "1407076176070385667",
            "text": "\ud83d\udd25 Volv\u00e9 a ver el primer programa de #Can\u00edbalesEnC5N con @julianguarino junto a @FernandezAnibal, @RobertoFeletti, Jos\u00e9 Manuel Ubeira y @NataliaBSalvo \u2192  https://t.co/5maTrAQNLG\n\n\ud83d\udd5a Todos los domingos a las 23 hs. por @C5N https://t.co/qvCvyRMaMU"
        },
        {
            "id": "1407072117665959936",
            "text": "\ud83d\udcccR\u00edo Negro 171\n\ud83d\udcccLa Pampa 158\n\ud83d\udcccJujuy 148\n\ud83d\udcccMisiones 111\n\ud83d\udcccNeuqu\u00e9n 99\n\ud83d\udcccChubut 96\n\ud83d\udcccSanta Cruz 51\n\ud83d\udcccTierra del Fuego 1 \u2192 https://t.co/p22M0ZVzzo https://t.co/8676cnFTkC"
        },
        {
            "id": "1407072109575147520",
            "text": "DETALLE DE NUEVOS CASOS:\n\n\ud83d\udcccBuenos Aires 2.466\n\ud83d\udcccC\u00f3rdoba 844 \n\ud83d\udcccCABA 791\n\ud83d\udcccSanta Fe 710\n\ud83d\udcccFormosa 387\n\ud83d\udcccSan Luis 328\n\ud83d\udcccTucum\u00e1n 264\n\ud83d\udcccChaco 261\n\ud83d\udcccMendoza 252\n\ud83d\udcccEntre R\u00edos 246\n\ud83d\udcccSan Juan 231\n\ud83d\udcccSantiago del Estero 231\n\ud83d\udcccSalta 225\n\ud83d\udcccLa Rioja 187\n\ud83d\udcccCorrientes 175\n\ud83d\udcccCatamarca 173"
        },
        {
            "id": "1407068871434113026",
            "text": "\u2b55REITERAMOS | Este lunes el @msalnacion confirm\u00f3 448 muertes y 8.606 nuevos casos de coronavirus en las \u00faltimas 24 horas.\n\nEl total de casos confirmados en el pa\u00eds es de 4.277.395, de los cuales 89.490 fallecieron https://t.co/GFDEgygGN4 https://t.co/EoJNbkeiWL"
        },
        {
            "id": "1407066158843535361",
            "text": "\ud83d\udd34 #ALERTA \n\nEste lunes el @msalnacion confirm\u00f3 448 muertes y 8.606 nuevos casos de coronavirus en las \u00faltimas 24 horas https://t.co/Jd3olRqj57 https://t.co/m6Nu1eQcEy"
        },
        {
            "id": "1407063244863377408",
            "text": "\ud83d\udde3 @jairbolsonaro contra @LulaOficial: \"Solamente con fraude el 'nueve dedos' puede volver\" https://t.co/5Xx87V5z2X https://t.co/58YFk0hbRU"
        },
        {
            "id": "1407055186925850627",
            "text": "\ud83d\ude97 \u00bfVend\u00e9s tu auto usado? Fijate cu\u00e1nto valdr\u00e1 desde julio https://t.co/Gk5RZTS7zl https://t.co/VzParKxcKJ"
        },
        {
            "id": "1407047264699404292",
            "text": "Maradona: la m\u00e9dica de la prepaga dijo que nadie pidi\u00f3 una internaci\u00f3n domiciliaria y apunt\u00f3 a Luque y Cosachov https://t.co/RZvvzqlv7i https://t.co/Ox4QowMpc8"
        },
        {
            "id": "1407040688483618816",
            "text": "Sigue la b\u00fasqueda de Guadalupe Lucero: rastrillaje de urgencia en un predio de 500 hect\u00e1reas https://t.co/W7gfuWM07L https://t.co/1LccI1Gd7Y"
        },
        {
            "id": "1407031561279705093",
            "text": "\ud83d\udcc8 Las ventas por el D\u00eda del Padre crecieron un 36% https://t.co/J9ilGRlHCD https://t.co/nhP6b44HXh"
        },
        {
            "id": "1407026346644103172",
            "text": "Esc\u00e1ndalo en la Selecci\u00f3n de @Uruguay: detuvieron al jefe de seguridad tras una denuncia de \"acoso y hostigamiento sexual\" https://t.co/no7ChY5FDM https://t.co/WMEaJJrvaO"
        },
        {
            "id": "1407017639780786188",
            "text": "\ud83c\uddfa\ud83c\uddf8\ud83d\udc89 Estados Unidos donar\u00e1 vacunas a la Argentina https://t.co/M41qFHgxH2 https://t.co/aMOSHkpZzF"
        },
        {
            "id": "1407011566080438279",
            "text": "\ud83d\udde3 @SantiCafiero en @Radio10: \"Esta semana vendr\u00e1n casi 5 millones de vacunas\" https://t.co/n0gEPm9RRG https://t.co/9rykYo2jO2"
        },
        {
            "id": "1407004412879507456",
            "text": "\ud83d\ude37 Israel vuelve a exigir el uso de barbijo por la variante Delta https://t.co/Gd4Jwl3Q9t https://t.co/K1EAf7aM9R"
        },
        {
            "id": "1406994064982085635",
            "text": "\u26bd @CopaAmerica: @aguerosergiokun, posible titular esta noche ante Paraguay https://t.co/W0ARIe2FiF https://t.co/lqlIcf97Ls"
        },
        {
            "id": "1406988527838052361",
            "text": "\ud83e\udd1d Gremios apuran la revisi\u00f3n paritaria para cubrirse de la inflaci\u00f3n; Sanidad, cerca del conflicto https://t.co/VjpmdEEhDb https://t.co/3xdOb7Qj7I"
        },
        {
            "id": "1406982991314780160",
            "text": "\ud83e\ude99 Se hunde el Bitcoin tras una embestida de China contra la miner\u00eda https://t.co/iMpGFUuWP3 https://t.co/e4rZ7uwqRu"
        },
        {
            "id": "1406972110346588163",
            "text": "Solsticio de invierno: \u00bfpor qu\u00e9 este lunes es el d\u00eda m\u00e1s corto del a\u00f1o? https://t.co/LnRWGLjL5q https://t.co/5Qr9Gx1b6n"
        },
        {
            "id": "1406965109876948995",
            "text": "\ud83d\udeec\ud83d\udc89 Esta ma\u00f1ana llegaron m\u00e1s de un mill\u00f3n de dosis de AstraZeneca https://t.co/JZ6XT4Mujk\n\n\ud83c\udde6\ud83c\uddf7 Argentina ya recibi\u00f3 m\u00e1s de 21 millones de vacunas https://t.co/0gRO9EBkwF"
        },
        {
            "id": "1406960092021465092",
            "text": "\ud83d\udcb5 Se despert\u00f3 el d\u00f3lar blue: Qu\u00e9 puede pasar en los pr\u00f3ximos d\u00edas\n\n\ud83d\udcc8 Luego de casi dos meses pr\u00e1cticamente congelado debajo de los $158, subi\u00f3 $6 en solo cinco d\u00edas https://t.co/caPVhqsF4F https://t.co/DohtMRFNQZ"
        },
        {
            "id": "1406953981235040257",
            "text": "\u2b55\ufe0f Desesperada b\u00fasqueda de Guadalupe Lucero: los videos que analiza la polic\u00eda\n\n\ud83d\udccc Las c\u00e1maras de seguridad registraron im\u00e1genes tomadas a metros de la casa de la t\u00eda de ni\u00f1a, que podr\u00edan ser claves para la investigaci\u00f3n https://t.co/Y2EkiS4op6 https://t.co/I9fa0UDtZO"
        },
        {
            "id": "1406944994804518917",
            "text": "\u26bd\ufe0f\u00a1HOY JUEGA LA SELECCION!\n\n\ud83c\udde6\ud83c\uddf7 ARGENTINA VS. \ud83c\uddf5\ud83c\uddfe PARAGUAY\n\ud83c\udfc6 Copa Am\u00e9rica - Grupo A\n\ud83d\udd58 21:00 horas\n\ud83c\udfdf\ufe0f Man\u00e9 Garrincha\nhttps://t.co/z8PfVFV82u https://t.co/QiYalxQh40"
        },
        {
            "id": "1406937442754740225",
            "text": "\ud83c\udde6\ud83c\uddf7\ud83c\udfe6 Argend\u00f3lares explican mejora en el stock de reservas del BCRA https://t.co/UVEmctni86 https://t.co/5MPHI8CC0u"
        },
        {
            "id": "1406929892130820097",
            "text": "\ud83e\udd69 Gobierno lanza medidas para aplacar precios y asegurar oferta\n\ud83d\udccc Presentar\u00e1n un plan ganadero para que la producci\u00f3n alcance las 5 millones de toneladas al a\u00f1o\n\ud83d\udccc Se restringir\u00e1 la exportaci\u00f3n de algunos cortes y habr\u00e1 mayor volumen a precios populares https://t.co/nf4lM60O6H https://t.co/cBWeEZSf8Q"
        },
        {
            "id": "1406921499286683654",
            "text": "\u2b55\ufe0f#ALERTA | Bernal: Femicidio en un hotel alojamiento\n\n\ud83d\udcccLa v\u00edctima ten\u00eda 27 a\u00f1os y fue encontrada con un corte en el cuello\n\ud83d\udcccSe encontr\u00f3 un DNI y muchas huellas dactilares en la escena https://t.co/RDWLuBDCog"
        },
        {
            "id": "1406914797875126272",
            "text": "\ud83c\udde6\ud83c\uddf7\ud83d\udc89.@SantiCafiero: \"Con 70% de vacunaci\u00f3n y merma en la circulaci\u00f3n viral, se podr\u00e1 relajar el uso del barbijo\" https://t.co/dn28vF0R8c https://t.co/jMPxsNjwoj"
        },
        {
            "id": "1406907241945395209",
            "text": "\ud83c\udde6\ud83c\uddf7\ud83d\udc89Llega hoy al pa\u00eds un nuevo vuelo con 1.139.000 de dosis de Astrazeneca https://t.co/A2AcW7qmYz https://t.co/rmtZaVABBs"
        },
        {
            "id": "1406899692173156354",
            "text": "El 40% de los viajeros que regresan al pa\u00eds no cumple la cuarentena https://t.co/4KrRPDkYq4 https://t.co/3OxtTfRx70"
        },
        {
            "id": "1406885096410419204",
            "text": "COVID-19: @ANLIS_Malbran detect\u00f3 la variante Delta en un pasajero proveniente de Estados Unidos https://t.co/yay2JySfFH https://t.co/4bTLAmgIj3"
        },
        {
            "id": "1406869498968248320",
            "text": "Berisso: la Polic\u00eda dispar\u00f3 y mat\u00f3 a un pitbull, luego que atacara y le provocara la muerte a otro perro https://t.co/EjtQZZ5lpN https://t.co/CLAHylh2FG"
        },
        {
            "id": "1406854394881056775",
            "text": "Con los datos para el cierre anual 2020, las cuentas provinciales consideradas de manera agregada mostraron una mejora respecto a 2019 https://t.co/TohQAw4bfR https://t.co/AFkCRjZ68l"
        },
        {
            "id": "1406839298775789569",
            "text": "WhatsApp: Los usuarios pueden marcar los mensajes que les llegan como no le\u00eddos, o sea, sacar el tilde color azul https://t.co/MzPlplb9tR https://t.co/e6515oLBN9"
        },
        {
            "id": "1406824197612097543",
            "text": "Prometi\u00f3 y cumpli\u00f3: Lionel Messi le firm\u00f3 el tatuaje al hincha de Brasil https://t.co/sY9HR5Oyj8  https://t.co/BdzptgZ4aW"
        },
        {
            "id": "1406813063978827781",
            "text": "\ud83d\udd25 Charlas de quincho: la secci\u00f3n con los datos m\u00e1s picantes de la pol\u00edtica, la econom\u00eda y la justicia en #Can\u00edbalesEnC5N con @julianguarino junto a @FernandezAnibal, @RobertoFeletti, Jos\u00e9 Manuel Ubeira y @NataliaBSalvo.\n\n\ud83d\udd5a Todos los domingos a las 23 hs. por @C5N https://t.co/3PAEd9jwTo"
        },
        {
            "id": "1406812245615595523",
            "text": "\ud83d\udd25 La oposici\u00f3n sin definiciones y sin un l\u00edder: manotazo de ahogado en Juntos por el Cambio.\n\n\ud83d\udc49\ud83c\udffc El an\u00e1lisis en #Can\u00edbalesEnC5N con @julianguarino junto a @FernandezAnibal, @RobertoFeletti, Jos\u00e9 Manuel Ubeira y @NataliaBSalvo\n\n\ud83d\udd5a Todos los domingos a las 23 hs. por @C5N https://t.co/umhljlhYN8"
        },
        {
            "id": "1406811410345177091",
            "text": "\ud83d\udd25 El germen de la antipol\u00edtica: \u00bfQu\u00e9 efecto buscan?\n\n\ud83d\udc49\ud83c\udffc El an\u00e1lisis en #Can\u00edbalesEnC5N con @julianguarino junto a @FernandezAnibal, @RobertoFeletti, Jos\u00e9 Manuel Ubeira y @NataliaBSalvo\n\n\ud83d\udd5a Todos los domingos a las 23 hs. por @C5N https://t.co/Si1gZX8Niw"
        },
        {
            "id": "1406811108531392515",
            "text": "Se despert\u00f3 el d\u00f3lar blue: \u00bfQu\u00e9 puede pasar en los pr\u00f3ximos d\u00edas? https://t.co/x2sb6y7UL6 https://t.co/BCsm1NB1ww"
        },
        {
            "id": "1406808344665415685",
            "text": "\ud83d\udc26#Can\u00edbalesEnC5N es TT en Argentina.\n\n\ud83d\udcf2 \u00a1Gracias por sumarte a Can\u00edbales en C5N con @julianguarino los domingos a las 23 hs. por @C5N! https://t.co/JJcyBB9DAU"
        },
        {
            "id": "1406806350051618820",
            "text": "\ud83d\udd25 Esta fue la frase can\u00edbal de la semana en #Can\u00edbalesEnC5N.\n\n\ud83d\udc49\ud83c\udffc El an\u00e1lisis con @julianguarino junto a @FernandezAnibal, @RobertoFeletti, Jos\u00e9 Manuel Ubeira y @NataliaBSalvo\n\n\ud83d\udd5a Todos los domingos a las 23 hs. por @C5N https://t.co/S0vMnA5K6x"
        },
        {
            "id": "1406804984591683588",
            "text": "\ud83d\udd25 #Can\u00edbalesEnC5N con @julianguarino:\n\n\ud83d\udde3 @NataliaBSalvo: \"Siempre cuando se habla de flexibilizaci\u00f3n, en realidad se habla de precarizaci\u00f3n y piden flexibilidad. Hay que leer la Constituci\u00f3n completa. La flexibilidad siempre es del art\u00edculo 14 bis y no nos fue bien con eso\" https://t.co/lGQVO9YNhp"
        },
        {
            "id": "1406801887735779333",
            "text": "\ud83d\udd25#Can\u00edbalesEnC5N con @julianguarino:\n\n\ud83d\udde3@RobertoFeletti: \"Llevamos invertidos $90.000 M en lo que va del a\u00f1o en sostener la canasta b\u00e1sica alimentaria\"\n\n\ud83d\udde3@FernandezAnibal: \"A partir del 94, la propia Constituci\u00f3n dice que el Estado es el responsable del desarrollo econ\u00f3mico\" https://t.co/zHnv1rhaWF"
        },
        {
            "id": "1406799947538784257",
            "text": "\ud83d\udd25 As\u00ed fue la apertura del primer programa de #Can\u00edbalesEnC5N con @julianguarino junto a @FernandezAnibal, @RobertoFeletti, Jos\u00e9 Manuel Ubeira y @NataliaBSalvo \u2192  https://t.co/wcHOnXGqLT \n\n\ud83d\udd5a Todos los domingos a las 23 hs. por @C5N https://t.co/dzSueR73l4"
        },
        {
            "id": "1406794992690077699",
            "text": "\ud83d\udd25 EN VIVO | Segu\u00ed el estreno de Can\u00edbales en C5N con @julianguarino junto a @FernandezAnibal, @RobertoFeletti, Jos\u00e9 Manuel Ubeira y @NataliaBSalvo.\n\n\ud83d\udc26Opin\u00e1 con #Can\u00edbalesEnC5N\n\n\ud83d\udcf2 Hasta las 00 hs. por @C5N y en https://t.co/Og7yNyDbVx https://t.co/FB7csjyiM8"
        },
        {
            "id": "1406794676884152320",
            "text": "\u2b55#AHORA\n\n\"Tenemos la estimaci\u00f3n que en el \u00faltimo trimestre, sobre octubre, podemos estar ya permitiendo con un determinado aforo y algunas particularidades que ya haya p\u00fablico en los estadios y en eventos masivos\", anticip\u00f3 el ministro @MatiasLammens en #HaganAlgo con @ischargro https://t.co/J9wTokVg96"
        },
        {
            "id": "1406788711032004616",
            "text": "La ministra @carlavizzotti se\u00f1al\u00f3 que Argentina est\u00e1 \u201cen un momento importante de la vacunaci\u00f3n\u201d y adelant\u00f3 que la pr\u00f3xima semana se estar\u00e1 recibiendo nuevas dosis del componente 2 de la #SputnikV https://t.co/Y5H07ICw4W https://t.co/hORdlxE2KT"
        },
        {
            "id": "1406783677812469762",
            "text": "Detuvieron una funci\u00f3n de teatro porque Patricia Bullrich no quer\u00eda respetar los protocolos https://t.co/KOoBnkWkPT https://t.co/3kl8x4U90b"
        },
        {
            "id": "1406774339530276864",
            "text": "\ud83d\udd58 EN VIVO | Segu\u00ed #HaganAlgo con @ischargro \n\n\ud83d\udcf2 Hasta las 22 hs. por @C5N y https://t.co/Og7yNyDbVx https://t.co/RwROAiGBHU"
        },
        {
            "id": "1406769543180136453",
            "text": "\ud83d\udc26 #CajaNegraMacrista es TT en Argentina\n\n\ud83d\udcf2 \u00a1Gracias por sumarte a #ConflictoDeIntereses con @juan_amorin, los domingos de 20 a 21:30 hs por @C5N! https://t.co/uKARs3jPMY"
        },
        {
            "id": "1406766259597893637",
            "text": "\ud83d\udca3 @carlavizzotti en #ConflictodeIntereses con @juan_amorin:\n\n\ud83d\udde3 \"Es muy importante que la poblaci\u00f3n que llegue de viaje entienda el riesgo que eso genera, que cumplan el aislamiento y que las jurisdicciones lo controlen\"\n\n\ud83d\udc26#CajaNegraMacrista https://t.co/khcJSvYPMm"
        },
        {
            "id": "1406762341023334402",
            "text": "El presidente @alferdez reafirm\u00f3 hoy su compromiso en \"hacer todo\" lo que est\u00e9 a su alcance \"para que en Argentina se terminen las diferencias\" https://t.co/csnfoFbctD https://t.co/T0zpkhbLT0"
        },
        {
            "id": "1406759340900601857",
            "text": "\ud83d\udca3 Macri sin m\u00e1scara: Otra vez minimiz\u00f3 la salud de la gente.\n\n\ud83d\udc49\ud83c\udffc Segu\u00ed #ConflictodeIntereses con @juan_amorin\n\n\ud83d\udc26#CajaNegraMacrista https://t.co/vI6YzSXyPc"
        },
        {
            "id": "1406749829221568517",
            "text": "\ud83d\udca3EN VIVO | Segu\u00ed #ConflictoDeIntereses con @juan_amorin.\n\n\ud83d\udc26 Sumate con #CajaNegraMacrista\n\n\ud83d\udcf2 Hasta las 21:30 por @C5N y https://t.co/Og7yNyDbVx https://t.co/zVeoLflyYl"
        },
        {
            "id": "1406739134476075016",
            "text": "\ud83d\udde3 \"Algunos cortes de carne van a ser reservados exclusivamente para el mercado interno\", expres\u00f3 el ministro Mat\u00edas @KulfasM https://t.co/NAp6RApywX"
        },
        {
            "id": "1406732339783286788",
            "text": "\ud83d\udd34 Buscan a Guadalupe casa por casa.\n\n\"No es un d\u00eda del padre como cualquiera, es un d\u00eda m\u00e1s en la b\u00fasqueda de mi hija. No encuentro respuesta para todo esto\", expres\u00f3 Eric, el pap\u00e1 de Guadalupe\n\n\ud83d\udc49\ud83c\udffc Segu\u00ed #MaMDomingo con @mbelenaramburu y @robertofunesu hasta las 20 hs https://t.co/ktOKuGUSxn"
        },
        {
            "id": "1406730130781786113",
            "text": "\ud83d\udd58 ESTA NOCHE | No te pierdas #HaganAlgo con @ischargro \n\n\u2611 Hoy: @DrDanielGollan y @MatiasLammens \n\n\ud83d\udcf2 A las 21:30 hs. por @C5N y en https://t.co/Og7yNyDbVx https://t.co/l76ptsP0eJ"
        },
        {
            "id": "1406726803142582274",
            "text": "\ud83c\udde8\ud83c\uddf1 Chile reconoci\u00f3 el incumplimiento de la burbuja sanitaria https://t.co/vzOxiCOCXi https://t.co/XnkMagfAtu"
        },
        {
            "id": "1406724950069813261",
            "text": "\ud83d\udca3 ESTA NOCHE | No te pierdas #ConflictoDeIntereses con @juan_amorin.\n\n\u2611 Hoy: @carlavizzotti y Artemio @Lupo55\n\n\ud83d\udc26Opin\u00e1 con #CajaNegraMacrista\n\n\ud83d\udcf2 A las 20 hs. por @C5N y https://t.co/Og7yNyDbVx https://t.co/RVCWLprYpo"
        },
        {
            "id": "1406719001900711936",
            "text": "\ud83d\udd25 DESDE ESTA NOCHE A LAS 23 HS. \ud83d\udd25\n\n\ud83d\udd5a #Can\u00edbalesEnC5N con la conducci\u00f3n de @julianguarino y la participaci\u00f3n de @FernandezAnibal, @RobertoFeletti, Jos\u00e9 Manuel Ubeira y @NataliaBSalvo.\n\n\ud83c\udf99 \u00a1No te lo pierdas! Miralo por @C5N y en https://t.co/Og7yNylAwX https://t.co/zIorxznJxt"
        },
        {
            "id": "1406710456845324291",
            "text": "\ud83d\udccc Mendoza 197\n\ud83d\udccc Tucum\u00e1n 176\n\ud83d\udccc Jujuy 169\n\ud83d\udccc La Rioja 151\n\ud83d\udccc Chubut 146\n\ud83d\udccc Misiones 141\n\ud83d\udccc R\u00edo Negro 102\n\ud83d\udccc La Pampa 94\n\ud83d\udccc Santa Cruz 54\n\ud83d\udccc Tierra del Fuego 34 \u2192 https://t.co/ZHXRrZDTl2 https://t.co/yuhcNEP6nm"
        },
        {
            "id": "1406710339677278210",
            "text": "DETALLE DE NUEVOS CASOS:\n\n\ud83d\udccc Buenos Aires 2.830\n\ud83d\udccc C\u00f3rdoba 1.537\n\ud83d\udccc Santa Fe 773\n\ud83d\udccc CABA 771\n\ud83d\udccc Formosa 436\n\ud83d\udccc Corrientes 431\n\ud83d\udccc Chaco 382\n\ud83d\udccc Entre R\u00edos 343\n\ud83d\udccc Santiago del Estero 337\n\ud83d\udccc San Luis 335\n\ud83d\udccc Catamarca 281\n\ud83d\udccc Salta 231\n\ud83d\udccc San Juan 230\n\ud83d\udccc Neuqu\u00e9n 214"
        },
        {
            "id": "1406706662497468420",
            "text": "\u2b55REITERAMOS | Este domingo el @msalnacion confirm\u00f3 301 muertes y 10.395 nuevos casos de coronavirus en las \u00faltimas 24 horas.\n\nEl total de casos confirmados en el pa\u00eds es de 4.268.789, de los cuales 89.043 fallecieron https://t.co/JkTUyd14q8 https://t.co/vF2zB2srhM"
        },
        {
            "id": "1406705032343474177",
            "text": "@ANLIS_Malbran @msalnacion REITERAMOS | @ANLIS_Malbran detect\u00f3 la variante Delta en un pasajero proveniente de Estados Unidos https://t.co/JHGYjY5HyI https://t.co/AQKlSJPHK8"
        },
        {
            "id": "1406704590914007041",
            "text": "\ud83d\udd34 #ALERTA \n\nEste domingo el @msalnacion confirm\u00f3 301 muertes y 10.395 nuevos casos de coronavirus en las \u00faltimas 24 horas https://t.co/Jd3olRqj57 https://t.co/EgBPCzYMJI"
        },
        {
            "id": "1406703480866328579",
            "text": "\u2b55 #AHORA\n\nCOVID-19: @ANLIS_Malbran detect\u00f3 la variante Delta en un viajero proveniente de Estados Unidos, inform\u00f3 este domingo el @msalnacion https://t.co/Jd3olRqj57 https://t.co/JjUhEqCLpt"
        },
        {
            "id": "1406698272459309061",
            "text": "\ud83c\udde6\ud83c\uddf7 SORTEO | \u00a1Te regalamos la camiseta de Argentina en C5N Deportivo con @DanielRetamozo!\n\n\u2705 Seguinos en nuestra cuenta @C5N y contanos por qu\u00e9 quer\u00e9s ganarla \u2b07\n\n\u26bd Particip\u00e1 con el hashtag #CamisetaArgentinaC5N\n\n\u00a1Mucha suerte! https://t.co/nlK3Ph9S1Z"
        },
        {
            "id": "1406697610769887234",
            "text": "\ud83d\udcbb Internet y realidad social: c\u00f3mo usar la tecnolog\u00eda c\u00edvica para la incidencia pol\u00edtica https://t.co/n9AhpOocWW https://t.co/zY71dTv1QT"
        },
        {
            "id": "1406696710068486148",
            "text": "\ud83d\udca5 Volv\u00e9 a ver la entrevista a @nkreplak en #RightNowC5N con @julietacam \u2192 https://t.co/GwK2O9Jmpk https://t.co/bLwF8sYmkz"
        },
        {
            "id": "1406688301130543105",
            "text": "\ud83d\udde3\ufe0f @EliGAlcorta, ministra de las Mujeres, G\u00e9neros y Diversidad en di\u00e1logo con @radio10: \"Es lamentable que Macri haya considerado al coronavirus como una gripe un poco m\u00e1s grave. Esas expresiones son una muestra m\u00e1s de esta oposici\u00f3n irresponsable\" https://t.co/iqNTrpjNek https://t.co/YmIrzLhC7s"
        },
        {
            "id": "1406680797365653510",
            "text": "\ud83e\udd66\ud83c\udf77 Volv\u00e9 a ver #LaCocinaDelGato con @Gatosylvestre. Invitado: @arielstaltari \u2192 https://t.co/PBtOAW5yos https://t.co/QWQ1zz5LQb"
        },
        {
            "id": "1406680749558964224",
            "text": "\u2708\ud83d\udc89Parti\u00f3 el segundo vuelo de Aerol\u00edneas a China para traer m\u00e1s vacunas Sinopharm https://t.co/vEwPNZPWnU https://t.co/Wd3m0kKyB7"
        },
        {
            "id": "1406673203238424578",
            "text": "\ud83e\uddd1\u200d\ud83c\udf7c #D\u00edaDelPadre: Lanzaron una campa\u00f1a ciudadana para ampliar los d\u00edas de licencia por paternidad https://t.co/BsLMtBLgul https://t.co/BtNr2R39DQ"
        },
        {
            "id": "1406668435053027330",
            "text": "\ud83d\udc49Especial 20 de junio: La pertenencia de Manuel Belgrano a la Orden Mas\u00f3nica.\n\n\ud83c\udfa5Mir\u00e1 el video exclusivo de @c5n con Nicol\u00e1s Breglia, ex Gran Maestre de la Masoner\u00eda Argentina\nhttps://t.co/uzm9SNN9ev https://t.co/4Bzj9y4ktP"
        },
        {
            "id": "1406665651456905222",
            "text": "\ud83d\udce3Susana Gim\u00e9nez: Seg\u00fan el parte m\u00e9dico de hoy muestra una \"marcada mejor\u00eda\" en su cuadro de internaci\u00f3n por coronavirus https://t.co/21Oyn4uCxl https://t.co/Q3SmLu2wo6"
        },
        {
            "id": "1406658102561177602",
            "text": "\ud83c\udfa5Todo lo que ten\u00e9s que saber para volver al cine https://t.co/wlL01BUG6h https://t.co/MyMmz8m3bu"
        },
        {
            "id": "1406650550930874370",
            "text": "\ud83d\udd25ESTE 22 DE JUNIO A LAS 16:09 HS.\ud83d\udd25\n\n\u26bdSe cumple 35 a\u00f1os del mejor gol de todos los tiempos. Volv\u00e9 a vivirlo con @VHMok y envianos el video de tu festejo \ud83d\ude4c\n\n\ud83c\udf99 \u00a1No te lo pierdas! Miralo por @C5N y en https://t.co/Og7yNyDbVx https://t.co/88lr1j3ocs"
        },
        {
            "id": "1406641439044419590",
            "text": "\ud83c\udde7\ud83c\uddf7Lula calific\u00f3 de \"genocidio\" el medio mill\u00f3n de muertos por coronavirus en Brasil https://t.co/IP5TXPP1Lk https://t.co/HGQbnmgSMJ"
        },
        {
            "id": "1406635954681569295",
            "text": "\ud83d\udd25 DESDE HOY A LAS 23 HS. \ud83d\udd25\n\n\ud83d\udd5a #Can\u00edbalesEnC5N con la conducci\u00f3n de @julianguarino y la participaci\u00f3n de @FernandezAnibal, @RobertoFeletti, Jos\u00e9 Manuel Ubeira y @NataliaBSalvo.\n\n\ud83c\udf99 \u00a1No te lo pierdas! Miralo por @C5N y en https://t.co/Og7yNyDbVx https://t.co/tWWiPiP058"
        },
        {
            "id": "1406628666570940416",
            "text": "\ud83d\udcccSan Luis: Giro en la investigaci\u00f3n de Guadalupe Lucero, la buscan casa por casa https://t.co/XyW2b77tHh"
        },
        {
            "id": "1406627901563408386",
            "text": "\ud83d\udcccVicentin: auditor\u00eda forense revela maniobras para esconder iliquidez y descontrol en pases a empresa controladas https://t.co/xS4WlaAdtd https://t.co/FA5I9yCcFQ"
        },
        {
            "id": "1406617988363608068",
            "text": "\ud83c\udfc6 Copa Am\u00e9rica: @Argentina arroj\u00f3 testeos negativos y se prepara para el partido contra la @Albirroja https://t.co/1xrKJkPQro https://t.co/8ubiyIvmQT"
        },
        {
            "id": "1406615252209475593",
            "text": "\u2b55\ufe0fAHORA\n\n@alferdez en el acto del D\u00eda de la Bandera: \"la bandera representa libertad, igualdad y solidaridad\" https://t.co/paeSrZn15C"
        },
        {
            "id": "1406609027488833544",
            "text": "\ud83d\udcf9 Las recomendaciones de Mauricio Macri para ver en Netflix https://t.co/57zK6HZFjs https://t.co/lzM6i8W7J6"
        },
        {
            "id": "1406604497233842179",
            "text": "\ud83e\udd7c DESDE HOY | Nuevo horario: Dr. C con @Agustina_Rivas y el Dr. Guillermo Capuya.\n\n\ud83d\udd50 Todos los domingos a las 13 hs. por @C5N y en https://t.co/Og7yNyDbVx https://t.co/Df8cFEO49Y"
        },
        {
            "id": "1406598641943461888",
            "text": "Femicidio en Bernal: Una joven de 19 a\u00f1os fue apu\u00f1alada en un hotel alojamiento https://t.co/RwnBaDTryM"
        },
        {
            "id": "1406590047059689477",
            "text": "\u2744Se esperan bajas temperaturas para hoy domingo en Mar del Plata https://t.co/SdG8w8hSQZ https://t.co/tJfEPjt74b"
        },
        {
            "id": "1406582937328439300",
            "text": "\ud83d\udc69\u200d\ud83c\udf93\u00bfCu\u00e1les son las 20 carreras que mejor y peor pagan en la Argentina? https://t.co/jtAYcP51da https://t.co/eD8q2K7aPY"
        },
        {
            "id": "1406581767759437825",
            "text": "\u2744D\u00eda del padre fresco y con buen tiempo en la ciudad\n\n\u2b0614\u00b0C\n\u2b073\u00b0C https://t.co/gClMHKWsRc"
        },
        {
            "id": "1406574549760569352",
            "text": "\u26bd\ud83c\udfbe HOY | Nuevo horario: #C5Ndeportivo con @DanielRetamozo y todo el an\u00e1lisis junto a un gran equipo.\n\n\ud83c\udfc0\ud83e\udd4a A las 12 del mediod\u00eda por @C5N y en https://t.co/Og7yNylAwX https://t.co/iZ0DIwpuoj"
        }
    ],
    "meta": {
        "newest_id": "1407110805326385153",
        "next_token": "b26v89c19zqg8o3fpdg9g23r99r9jll4chqyyz3ulp1tp",
        "oldest_id": "1406574549760569352",
        "result_count": 100
    }
}