{
    "data": [
        {
            "id": "1407109958349565962",
            "text": "Dinamarca, del drama y el susto de Christian Eriksen a la alegr\u00eda por meterse en octavos de final de la Eurocopa https://t.co/MqfnCVESRm"
        },
        {
            "id": "1407107778448068611",
            "text": "Biocombustibles: contra reloj, el kirchnerismo avanza con la nueva ley, aunque hay malestar en sus propias filas https://t.co/NqUG46DIxP"
        },
        {
            "id": "1407107777344983042",
            "text": "Coronavirus en Estados Unidos: Nueva York, entre fuegos artificiales por la reapertura y las sombras de la crisis https://t.co/oPmQKRi8lB"
        },
        {
            "id": "1407107776212606985",
            "text": "Aerol\u00edneas Argentinas comienza a vacunar y se desactiva el conflicto con los pilotos https://t.co/uiQHj5pRZU"
        },
        {
            "id": "1407105320430809090",
            "text": "Smart tv: los 5 aspectos t\u00e9cnicos claves a la hora de comprar un televisor inteligente https://t.co/9WMxdL0Q6R"
        },
        {
            "id": "1407102611514441729",
            "text": "Quieren cancelar a Billie Eilish, a quien acusan de racismo https://t.co/rmJkR7cUiW"
        },
        {
            "id": "1407100261521412105",
            "text": "Por qu\u00e9 es tendencia tener perros peque\u00f1os y c\u00f3mo alimentarlos https://t.co/oI15BjqtwK"
        },
        {
            "id": "1407097617876668424",
            "text": "Coronavirus: Uruguay volvi\u00f3 a la totalidad de clases presenciales en primaria https://t.co/od8ABqe6Av"
        },
        {
            "id": "1407097616748396548",
            "text": "Vacunas COVID: este lunes llegaron 768.000 dosis de Sinopharm y 1.134.000 de AstraZeneca https://t.co/6SCgUjDqRI"
        },
        {
            "id": "1407095255099379712",
            "text": "Finlandia vs B\u00e9lgica, por la Eurocopa 2020: goles, resumen y resultado https://t.co/EckOcLFxWE"
        },
        {
            "id": "1407092405942239232",
            "text": "Subastan una pintura de David Bowie encontrada en un basural y su precio ya super\u00f3 cinco veces el esperado https://t.co/F20A82nzTg"
        },
        {
            "id": "1407089838860423177",
            "text": "Habl\u00f3 la mujer que descubri\u00f3 a Alberto Samid en un restaurante y lo film\u00f3: 'Sent\u00ed una tremenda indignaci\u00f3n' https://t.co/pPorsMruC9"
        },
        {
            "id": "1407087055545548800",
            "text": "Recambio, socio de su tocayo P\u00e9rez o el nuevo Palacios: qu\u00e9 le aportar\u00e1 Enzo Fern\u00e1ndez a River https://t.co/48DH8yCD9m"
        },
        {
            "id": "1407085089377423361",
            "text": "Independiente tiene a su primer refuerzo: Joaqu\u00edn Laso llegar\u00e1 tras rescindir con Rosario Central https://t.co/K1PRv0Uz8B"
        },
        {
            "id": "1407082451088908291",
            "text": "Eurocopa 2020: El emotivo retiro de Goran Pandev, la m\u00e1xima leyenda de Macedonia del Norte https://t.co/F76p55jMyU"
        },
        {
            "id": "1407081001503936526",
            "text": "Covid: la OMS advirti\u00f3 que la variante Delta es 'la m\u00e1s r\u00e1pida' https://t.co/ziMqBHx9xb"
        },
        {
            "id": "1407079767606706176",
            "text": "Smart tv: los 5 aspectos t\u00e9cnicos claves a la hora de comprar un televisor inteligente https://t.co/zQoLCaDspc"
        },
        {
            "id": "1407078267572588544",
            "text": "Otra fiesta clandestina en Palermo: hab\u00eda m\u00e1s de 100 personas bailando en la terraza de un bar https://t.co/HKFnqQ1kMv"
        },
        {
            "id": "1407077002214060037",
            "text": "Justicia para la Princesa Leia: Carrie Fisher tendr\u00e1 su estrella en el Paseo de la Fama https://t.co/pIQ83oYaXZ"
        },
        {
            "id": "1407074624039424005",
            "text": "\ud83d\udc49Michele Bachelet se refiri\u00f3 a un informe sobre las medidas de aislamiento implementadas por Gildo Insfr\u00e1n. M\u00e1s: https://t.co/IUyZwR1NWj https://t.co/A86m5bsEbd"
        },
        {
            "id": "1407072188092633088",
            "text": "Luciana Salazar habl\u00f3 del departamento por el que pagar\u00eda 9 mil u$s de alquiler y casi 200 mil $ de expensas https://t.co/Uy9omEORa9"
        },
        {
            "id": "1407071337823313925",
            "text": "Daniel Capitanich, el embajador en Nicaragua que estuvo siempre a la sombra de su hermano y es admirador de Cristina Kirchner https://t.co/hPjtm6op7h"
        },
        {
            "id": "1407069970048045058",
            "text": "La Justicia de Brasil absolvi\u00f3 a Lula da Silva en uno de los casos de corrupci\u00f3n https://t.co/PrAjBqfk3J"
        },
        {
            "id": "1407069968684961798",
            "text": "Coronavirus en Argentina: confirman 8.606 nuevos casos y otras 448 muertes en las \u00faltimas 24 horas https://t.co/QtsIVlFngz"
        },
        {
            "id": "1407068930129207301",
            "text": "La trastienda de la movida conjunta entre Alberto Fern\u00e1ndez y M\u00e9xico para subir el tono contra los abusos de Daniel Ortega https://t.co/d5c1vXvqCj"
        },
        {
            "id": "1407068695696973831",
            "text": "Carlos Reutemann present\u00f3 un 'deterioro' en su estado de salud y fue derivado a terapia intensiva https://t.co/0u4v1myI9u"
        },
        {
            "id": "1407065876482953216",
            "text": "Un t\u00e9cnico de heladeras que choc\u00f3 con su moto, el primer beneficiario del subsidio para v\u00edctimas de tr\u00e1nsito https://t.co/6sze5g8DjR"
        },
        {
            "id": "1407064344748347399",
            "text": "Pachu Pe\u00f1a y el d\u00eda que no le quisieron tomar fotos en su casa porque 'no daba con el perfil de la revista' https://t.co/U1Ht5yOE76"
        },
        {
            "id": "1407062373781868544",
            "text": "Los mercados europeos y Wall Street se recuperan tras los anuncios de la Reserva Federal https://t.co/T3rQgbf6an"
        },
        {
            "id": "1407059765931429891",
            "text": "Muri\u00f3 por coronavirus Juan Carlos L\u00f3pez, hist\u00f3rico maquillador de Susana Gim\u00e9nez https://t.co/e2UBQELczS"
        },
        {
            "id": "1407058962105749505",
            "text": "Joaquin Phoenix vuelve a filmar con su pareja y ganar\u00e1 millones de d\u00f3lares con lo nuevo de Guas\u00f3n https://t.co/foeTr9sZTG"
        },
        {
            "id": "1407056758795866120",
            "text": "Reino Unido ya prueba la tercera dosis de AstraZeneca contra el Covid: \u00bfhabr\u00e1 que d\u00e1rsela tambi\u00e9n ac\u00e1? https://t.co/XkDRBU6CA1"
        },
        {
            "id": "1407056757139066885",
            "text": "Estuvieron presas tres a\u00f1os y medio por el crimen de una anciana en un cementerio: las absolvieron https://t.co/bdJBkgLYod"
        },
        {
            "id": "1407056755457146890",
            "text": "Vacuna Butanvac: Brasil emprende una fren\u00e9tica carrera para conseguir 20 millones de huevos https://t.co/6qoXmVa6XN"
        },
        {
            "id": "1407056753481633799",
            "text": "Esc\u00e1ndalo con Alberto Samid porque viol\u00f3 la prisi\u00f3n domiciliaria y fue a comer a un restaurante https://t.co/psy7tS9cC7"
        },
        {
            "id": "1407056751275433985",
            "text": "Cuatro a\u00f1os de prisi\u00f3n para un personal trainer que contact\u00f3 a un chico de 11 a\u00f1os por Instagram para tener un encuentro sexual https://t.co/mziMqooi6z"
        },
        {
            "id": "1407056748448522249",
            "text": "El esc\u00e1ndalo de Chile en la Copa Am\u00e9rica: se filtr\u00f3 el video que muestra c\u00f3mo rompieron la burbuja https://t.co/7hx4GjKnV3"
        },
        {
            "id": "1407055310238400514",
            "text": "El atentado en el concierto de Ariana Grande en Manchester se pudo haber evitado https://t.co/YtqATNS6LD"
        },
        {
            "id": "1407052632808624132",
            "text": "Por primera vez desde 1958, cae un gobierno en Suecia por una moci\u00f3n de censura https://t.co/24YxBATAGY"
        },
        {
            "id": "1407050480161804293",
            "text": "Aguinaldo: c\u00f3mo hacen las pymes para pagarlo https://t.co/vYlx9lofq3"
        },
        {
            "id": "1407048299073441794",
            "text": "China bloquea al 90% de los mineros de bitcoin con nuevas prohibiciones https://t.co/1Mf7q9cofC"
        },
        {
            "id": "1407045443368984576",
            "text": "\ud83d\udc49 Carla Vizzotti afirm\u00f3 que no hay una fecha l\u00edmite para completar el esquema de inmunizaci\u00f3n. M\u00e1s: https://t.co/FJgHIqDCMW https://t.co/1547zCnCeH"
        },
        {
            "id": "1407045029915414528",
            "text": "Boca sigue buscando delanteros para recuperar los 41 goles que perdi\u00f3 en los \u00faltimos meses https://t.co/TCwJ02yZ5b"
        },
        {
            "id": "1407045028669792265",
            "text": "EEUU detall\u00f3 a qu\u00e9 pa\u00edses de Latinoam\u00e9rica van sus vacunas contra el coronavirus: entre ellos est\u00e1 la Argentina https://t.co/xMvHGey3X7"
        },
        {
            "id": "1407045027407204355",
            "text": "Muerte de Maradona: la m\u00e9dica de la prepaga dijo que nadie pidi\u00f3 una internaci\u00f3n domiciliaria y complic\u00f3 a Luque y Cosachov https://t.co/2dLu68MoYi"
        },
        {
            "id": "1407045026069291016",
            "text": "Lleg\u00f3 la hora de la rotaci\u00f3n para la Selecci\u00f3n de Scaloni en la Copa Am\u00e9rica: \u00bfMessi ir\u00e1 al banco de suplentes? https://t.co/bv4WM3t4g9"
        },
        {
            "id": "1407043298787799042",
            "text": "Argentina y M\u00e9xico se endurecen con Nicaragua y convocaron a sus embajadores en Managua https://t.co/WbM8Pd67Hx"
        },
        {
            "id": "1407040992017059842",
            "text": "D\u00f3lar: de qu\u00e9 depende que siga tranquilo https://t.co/34ugK1qCGg"
        },
        {
            "id": "1407038640308502544",
            "text": "Cinthia Fern\u00e1ndez estall\u00f3 al ver unas pol\u00e9micas fotos de Mat\u00edas Defederico https://t.co/a5dVzR96op"
        },
        {
            "id": "1407038270752559110",
            "text": "YouTube: c\u00f3mo activar el modo Picture-in-Picture para ver videos mientras se usan otras apps https://t.co/25DnAtobzF"
        },
        {
            "id": "1407038269418790912",
            "text": "Covid: 'Ninguna dosis de ninguna vacuna vence', afirm\u00f3 la ministra Carla Vizzotti https://t.co/kEJBl2XYhp"
        },
        {
            "id": "1407037512430858242",
            "text": "Foo Fighters reabri\u00f3 el Madison Square Garden tras 460 d\u00edas https://t.co/FbadWTkNCx"
        },
        {
            "id": "1407035367006539779",
            "text": "La bronca de la China Su\u00e1rez por la versi\u00f3n de un supuesto esc\u00e1ndalo con Benjam\u00edn Vicu\u00f1a https://t.co/4j4uHYqdMp"
        },
        {
            "id": "1407032813568864266",
            "text": "Ofensiva china golpea nuevamente al precio del bitcoin: cae m\u00e1s de 10% https://t.co/HTz8jts9Y1"
        },
        {
            "id": "1407030532756676608",
            "text": "La NBA y unos playoffs que dejar\u00e1n un campe\u00f3n in\u00e9dito o uno 'vintage' https://t.co/KeO4FSOHqC"
        },
        {
            "id": "1407027957571461128",
            "text": "Una c\u00e1psula el\u00e9ctrica para viajar por agua, aire o tierra https://t.co/ceOg2h2GqE"
        },
        {
            "id": "1407025110209511426",
            "text": "\ud83d\udc49El director del Instituto Gamaleya se\u00f1al\u00f3 que las dos dosis tambi\u00e9n son efectivas contra la variante Delta, la m\u00e1s contagiosa del mundo. M\u00e1s: https://t.co/3FrwtVAKxH https://t.co/KYlfKknrth"
        },
        {
            "id": "1407023197812191232",
            "text": "Una mujer polic\u00eda muri\u00f3 de un balazo en su casa de Moreno y sospechan de su novio https://t.co/mjXZwLkM0D"
        },
        {
            "id": "1407020799773585410",
            "text": "Cu\u00e1les fueron las pel\u00edculas m\u00e1s vistas en la reapertura de los cines https://t.co/q78LLPUu7Z"
        },
        {
            "id": "1407017930202783752",
            "text": "VIDEO: As\u00ed fue la impresionante prueba de resistencia de portaaviones de los Estados Unidos https://t.co/SJbhs2l5ZA"
        },
        {
            "id": "1407015161886564356",
            "text": "Mart\u00edn Tetaz: el riesgo del d\u00f3lar en un delicado equilibrio https://t.co/HzoXEa5B6s"
        },
        {
            "id": "1407012458271752192",
            "text": "Tragedia en Estados Unidos: nueve chicos y un adulto murieron en un choque m\u00faltiple en medio de un temporal https://t.co/L8DFU8hJrp"
        },
        {
            "id": "1407011042543259648",
            "text": "Argentina vs Paraguay, por la Copa Am\u00e9rica: minuto a minuto, en directo https://t.co/xyJCZwmfGf"
        },
        {
            "id": "1407009620548259840",
            "text": "Vuelven los conciertos y las discotecas en Francia: solo podr\u00e1n asistir personas vacunadas o con PCR negativo https://t.co/rU2PKxqDmG"
        },
        {
            "id": "1407007742418685955",
            "text": "Preocupa la salud de Sergio V\u00edctor Palma: se contagi\u00f3 de coronavirus y fue internado cuando se recuperaba de un ACV y peleaba contra el Parkinson https://t.co/sbBQ3uILvn"
        },
        {
            "id": "1407007741042900995",
            "text": "Silvina Escudero cont\u00f3 que se bes\u00f3 con una famosa para cumplirle a una fantas\u00eda a su ex y revel\u00f3 su nombre https://t.co/u7ga6OcoLv"
        },
        {
            "id": "1407005820680814597",
            "text": "El Gobierno denunciar\u00e1 penalmente a 287 personas que no hicieron la cuarentena obligatoria al volver de viaje https://t.co/1611ylttLP"
        },
        {
            "id": "1407003788452536331",
            "text": "Copa Am\u00e9rica: un encargado de seguridad de Uruguay fue acusado de acosar sexualmente a una empleada de la Conmebol y fue detenido https://t.co/ZMss8GyDrH"
        },
        {
            "id": "1407000843522613255",
            "text": "Chile vs Uruguay, por la Copa Am\u00e9rica: minuto a minuto, en directo https://t.co/5wfJ3D5tkw"
        },
        {
            "id": "1406996723344580610",
            "text": "Analizan las \u00faltimas fotos de Guadalupe Lucero, la nena de 5 a\u00f1os desaparecida hace una semana en San Luis https://t.co/CwIxCxrVJV"
        },
        {
            "id": "1406996103346769927",
            "text": "Oportunidad \u00fanica: una noche en Casa Vicens, primera obra de Gaud\u00ed, por un euro https://t.co/Gzrc6VvMfO"
        },
        {
            "id": "1406992827658166273",
            "text": "El Covid y el invierno: filtros de aire y monitores de di\u00f3xido de carbono, dos soluciones para evitar el fr\u00edo https://t.co/qQLoJ3F3ao"
        },
        {
            "id": "1406991361837043715",
            "text": "C\u00f3mo sigue la salud de Susana Gim\u00e9nez, internada por coronavirus https://t.co/TzRTzGmQqV"
        },
        {
            "id": "1406990509676113928",
            "text": "Era futbolista, una lesi\u00f3n arruin\u00f3 su carrera y se convirti\u00f3 en gal\u00e1n de telenovela: el argentino Sa\u00fal Lisazo https://t.co/nu81kytTgS"
        },
        {
            "id": "1406989547062370312",
            "text": "La variante Delta de coronavirus ya abarca al 20% de los infectados en Italia y avanza en 81 pa\u00edses https://t.co/zD6YnaVc3x"
        },
        {
            "id": "1406987085203005440",
            "text": "Qu\u00e9 cocinar esta semana: men\u00fa d\u00eda por d\u00eda del 21 al 27 de junio https://t.co/y7nQobp2KO"
        },
        {
            "id": "1406982997597949955",
            "text": "Cu\u00e1l es la \u00edntima relaci\u00f3n entre diabetes y depresi\u00f3n https://t.co/8YxiowWUBc"
        },
        {
            "id": "1406980084301434881",
            "text": "Marcos Galperin se sum\u00f3 a un desaf\u00edo viral y mostr\u00f3 sus \u00faltimas compras en MercadoLibre https://t.co/VltLCCTA4W"
        },
        {
            "id": "1406976957653217282",
            "text": "El descargo de Georgina Barbarossa tras revelar la supuesta final de 'MasterChef Celebrity' https://t.co/lCOqx0AWyH"
        },
        {
            "id": "1406975205138915331",
            "text": "RT @claringourmet: Vino caliente y especiado: la receta europea para combatir el fr\u00edo https://t.co/yXxTrVcmHW"
        },
        {
            "id": "1406973641305333770",
            "text": "Escandalosa denuncia de Mart\u00edn Bello, protagonista de la serie de Luis Miguel, contra Diego Boneta https://t.co/BODu9J9mUR"
        },
        {
            "id": "1406972857582751749",
            "text": "Nicaragua: detienen a Miguel Mora, el quinto precandidato presidencial tras las rejas https://t.co/nWOcMdm2VJ"
        },
        {
            "id": "1406971528500199426",
            "text": "Corrupci\u00f3n K: Los condenaron por lavar 55 millones de d\u00f3lares y dejaron la c\u00e1rcel sin pagar un peso https://t.co/3PRKPGYiZS"
        },
        {
            "id": "1406970894602354689",
            "text": "Llegaron Thunder Bolt y Saint Leo Bolt, los gemelos de Usain Bolt, el hombre m\u00e1s r\u00e1pido del mundo https://t.co/TDjPkH4WxV"
        },
        {
            "id": "1406968664985833476",
            "text": "Juana Repetto dio a luz a su hijo: c\u00f3mo fue su parto humanizado https://t.co/z7oIJQsw5Y"
        },
        {
            "id": "1406968663295631363",
            "text": "La RAE le dar\u00e1 certificados de calidad a las m\u00e1quinas que hablen 'bien espa\u00f1ol' https://t.co/RBBTFTZkdx"
        },
        {
            "id": "1406967484780011530",
            "text": "Qui\u00e9n es Cecilia Nicolini, la asesora presidencial que escal\u00f3 con las vacunas y que tiene m\u00e1s poder que muchos ministros https://t.co/Kh1nkschLe"
        },
        {
            "id": "1406967483685380099",
            "text": "Israel puso a la Argentina en la lista de pa\u00edses de 'm\u00e1ximo riesgo' por los casos de coronavirus https://t.co/QRtievnYH4"
        },
        {
            "id": "1406966692555726850",
            "text": "\u00bfSuicidio en los bosques de B\u00e9lgica? Hallan muerto al 'Rambo belga' tras un mes de cacer\u00eda https://t.co/smCYAQvHGF"
        },
        {
            "id": "1406963413310480385",
            "text": "Indagan a la coordinadora de la internaci\u00f3n domiciliaria de Diego Maradona https://t.co/pBmVibU0MK"
        },
        {
            "id": "1406963411196448769",
            "text": "Coronavirus en la India: hartos del confinamiento, los indios acuden en masa a los centros comerciales y mercados https://t.co/35wnAkiBkG"
        },
        {
            "id": "1406962584583131144",
            "text": "Llegaron al pa\u00eds m\u00e1s de un mill\u00f3n de vacunas de AstraZeneca y se espera un lote de Sinopharm para la tarde https://t.co/Y1oVfSq1bo"
        },
        {
            "id": "1406959264007131138",
            "text": "'Mono', el narco colombiano que se fug\u00f3 en la Patagonia y teme por una bala https://t.co/OhmfdpADqV"
        },
        {
            "id": "1406959262320975876",
            "text": "Jubilados: ANSeS volvi\u00f3 a suspende la 'fe de vida' para cobrar haberes https://t.co/NUw03rffNA"
        },
        {
            "id": "1406956904170000386",
            "text": "Espa\u00f1a anunci\u00f3 que el martes indultar\u00e1 a los nueve l\u00edderes independentistas de Catalu\u00f1a https://t.co/4fyE2EoLiZ"
        },
        {
            "id": "1406954901528322050",
            "text": "Ranking ATP: sin cambios ni argentinos en el top ten, sigue la ca\u00edda de Del Potro mientras se esfuerza por volver a jugar https://t.co/dQzwGFcGtw"
        },
        {
            "id": "1406954371217297413",
            "text": "Edificios inclinados: un mundo m\u00e1s all\u00e1 de la Torre de Pisa https://t.co/OHkm5RDsUV"
        },
        {
            "id": "1406951133046837248",
            "text": "Las tres nuevas funciones que WhatsApp lanzar\u00e1 en los pr\u00f3ximos meses https://t.co/IimLfipJHb"
        },
        {
            "id": "1406949346311086083",
            "text": "C\u00f3mo vivi\u00f3 Carlos Gardel la final del Mundial del 30 https://t.co/LE069vk29x"
        },
        {
            "id": "1406946744852754441",
            "text": "Trabajo y turismo: cu\u00e1l es el plan de la Ciudad de Buenos Aires para atraer a los n\u00f3mades digitales https://t.co/0uouS3VnYE"
        }
    ],
    "meta": {
        "newest_id": "1407109958349565962",
        "next_token": "b26v89c19zqg8o3fpdg9galrkd5cbs3lm45z0z4v8ppj1",
        "oldest_id": "1406946744852754441",
        "result_count": 100
    }
}