{
    "data": [
        {
            "id": "1407111213629194240",
            "text": "Video escalofriante: lo acribillaron a disparos frente a dos ni\u00f1os, en la calle a plena luz del d\u00eda\nhttps://t.co/Y2PdKjHhXn"
        },
        {
            "id": "1407108963842236419",
            "text": "La industria creci\u00f3 4,7% en mayo respecto al mismo mes de 2019 https://t.co/k6KWEaCLjt"
        },
        {
            "id": "1407108959849222154",
            "text": "Lleg\u00f3 el primero de los dos vuelos de China con m\u00e1s de 700 mil dosis de la vacuna Sinopharm contra el Covid-19 https://t.co/ZP6bKla2AV"
        },
        {
            "id": "1407106210986332172",
            "text": "RT @depoweb: #CopaAm\u00e9rica El delantero de La Roja no para de sumar disgustos. Enterate todos los detalles, en la nota https://t.co/RPI1xtyK\u2026"
        },
        {
            "id": "1407106065171324930",
            "text": "RT @depoweb: Despu\u00e9s del esc\u00e1ndalo sexual, Vargas suma un nuevo dolor de cabeza https://t.co/lxLfjnzB4N"
        },
        {
            "id": "1407105940130783237",
            "text": "Las teor\u00edas sobre el origen de la pandemia que tienen a la comunidad cient\u00edfica enfrentada https://t.co/L8vQz3liHW"
        },
        {
            "id": "1407104061652930567",
            "text": "Esc\u00e1ndalo en Netflix: Mart\u00edn Bello acus\u00f3 a Diego Boneta de agredirlo en el set de Luis Miguel: La Serie https://t.co/HgkcUAgDMu"
        },
        {
            "id": "1407104058511355907",
            "text": "Violento enfrentamiento entre dos j\u00f3venes por un presunto \"ajuste de cuentas\" acab\u00f3 con la muerte de ambos https://t.co/XdoxJSo7mW"
        },
        {
            "id": "1407102666115674112",
            "text": "RT @diarioshow: Carlos Baute reconoci\u00f3 a su hijo extramatrimonial y quiere recomponer la relaci\u00f3n https://t.co/KhedT4T6Ru"
        },
        {
            "id": "1407101042437787652",
            "text": "RT @BAENegocios: \"No es momento para viajar\" al exterior, afirma el Gobierno https://t.co/nWLPCsYepV"
        },
        {
            "id": "1407100778343448577",
            "text": "\ud83d\udde3\ufe0f[PIDI\u00d3 PERD\u00d3N]\ud83d\udde3\ufe0f Carlos Baute reconoci\u00f3 a su hijo extramatrimonial y quiere recomponer la relaci\u00f3n &gt;&gt;&gt; El cantante venezolano festej\u00f3 el D\u00eda del Padre junto a Jos\u00e9 Daniel, su primog\u00e9nito que tuvo a los 15 a\u00f1os. Conoc\u00e9 los detalles. https://t.co/rqUByPi0Gh"
        },
        {
            "id": "1407099874970120192",
            "text": "RT @depoweb: #EURO2020 Todo fue posible gracias a la goleada sobre Rusia y a la victoria de B\u00e9lgica ante Finlandia. Todos los detalles, en\u2026"
        },
        {
            "id": "1407099021915672580",
            "text": "RT @depoweb: Eurocopa: la Dinamarca de Eriksen logr\u00f3 el milagro y esta en octavos https://t.co/Kt6gExxQSZ"
        },
        {
            "id": "1407098891065970688",
            "text": "As\u00ed desbarataron una red de prostituci\u00f3n que operaba con Mercado Pago: doce mujeres fueron liberadas https://t.co/kvX11Fnit3"
        },
        {
            "id": "1407097253815259137",
            "text": "\"Si no me pag\u00e1s 17.000 pesos, tu familia se va a enterar de que sos una pu...\"\nhttps://t.co/Gv1qsGt5pL"
        },
        {
            "id": "1407096604960698369",
            "text": "Desapareci\u00f3 hace 17 a\u00f1os sin dejar rastro: lo encontraron dentro de un auto hundido en el fondo del agua #La\u00daltimaNoticia #DelJoven #FueEn2004 #CuandoHab\u00edaIdoAUnBar #TodosLosDetalles #EnEstaNota https://t.co/HiU82VQaxN"
        },
        {
            "id": "1407095374234324995",
            "text": "Matan a joven a cuchilladas luego de jugar un partido de f\u00fatbol https://t.co/LZnHKTejVu"
        },
        {
            "id": "1407091806337212423",
            "text": "RT @depoweb: #AHORA El delantero era pretendido por varios clubes y ya eligi\u00f3 d\u00f3nde jugar\u00e1. Todos los detalles, en la nota #Col\u00f3n #PulgaRod\u2026"
        },
        {
            "id": "1407091476253741060",
            "text": "RT @depoweb: El Pulga Rodr\u00edguez recibi\u00f3 una tentadora oferta y defini\u00f3 su futuro https://t.co/eWL5nFkKFn"
        },
        {
            "id": "1407091471451189249",
            "text": "RT @diarioshow: Flor Pe\u00f1a recibi\u00f3 al invierno con un topless muy sensual https://t.co/ichbTMzi0C"
        },
        {
            "id": "1407091466992635907",
            "text": "RT @BAENegocios: Uber se queda con el total del paquete accionario de la startup mexicana Cornershop https://t.co/anaM0uml7A"
        },
        {
            "id": "1407091394645217289",
            "text": "\ud83d\udd25[UN FUEGO]\ud83d\udd25 Flor Pe\u00f1a recibi\u00f3 al invierno con un topless muy sensual &gt;&gt;&gt; La conductora desaf\u00edo las bajas temperaturas y comparti\u00f3 en sus redes sociales una foto en la que se la puede ver sin ropa. \u00a1Mir\u00e1! https://t.co/FtTg3guggj"
        },
        {
            "id": "1407091341276762113",
            "text": "RT @cronica: Gu\u00eda para comprar una parrilla: caracter\u00edsticas y precios de cada modelo https://t.co/qqebZhwwQP"
        },
        {
            "id": "1407090712609361927",
            "text": "Quiniela de la Provincia: resultado de la Vespertina de hoy, lunes 21 de junio https://t.co/YdK1IKTmzW"
        },
        {
            "id": "1407088448423428096",
            "text": "RT @depoweb: Eurocopa: Jugador escoc\u00e9s se contagi\u00f3 de coronavirus y dos ingleses fueron aislados https://t.co/P2qrRqYidd"
        },
        {
            "id": "1407087065561395200",
            "text": "Quiniela de la Provincia: resultado de la Matutina de hoy, lunes 21 de junio https://t.co/mn2EfbwtAf"
        },
        {
            "id": "1407086390270115844",
            "text": "RT @depoweb: #Complicado Escocia pierde a una de sus figuras para el partido del martes, que define la clasificaci\u00f3n a octavos. M\u00e1s detalle\u2026"
        },
        {
            "id": "1407084925098991617",
            "text": "RT @diarioshow: El desconsolado llanto de Gast\u00f3n Dalmau tras la eliminaci\u00f3n de Cande Vetrano en \"MasterChef Celebrity 2\" https://t.co/kmoOI\u2026"
        },
        {
            "id": "1407083806427807744",
            "text": "Se neg\u00f3 a declarar la expareja de la mujer asesinada dentro de un auto en Ciudadela https://t.co/aCSNWTtzuL"
        },
        {
            "id": "1407083800522153984",
            "text": "Quiniela de la Ciudad: resultado de la Vespertina de hoy, lunes 21 de junio https://t.co/saEIyEqazu"
        },
        {
            "id": "1407083791269523461",
            "text": "Alberto Samid viol\u00f3 la prisi\u00f3n domiciliaria, fue a un restaurante y los clientes lo echaron https://t.co/4zdiqf75Ea"
        },
        {
            "id": "1407082906690928649",
            "text": "\ud83d\ude2d[ANGUSTIADO]\ud83d\ude2d El desconsolado llanto de Gast\u00f3n Dalmau tras la eliminaci\u00f3n de Cande Vetrano en \"MasterChef Celebrity 2\" &gt;&gt;&gt; El participante del reality gastron\u00f3mico no pudo evitar estallar en l\u00e1grimas por la salida de su amiga. \u00a1Mir\u00e1 todo en la nota! https://t.co/D4PGn4689m"
        },
        {
            "id": "1407081789265367052",
            "text": "El \"pozo del infierno\" que tiene desconcertados a los ge\u00f3logos https://t.co/2dSHPwYyax"
        },
        {
            "id": "1407081785435910144",
            "text": "Quiniela de la Ciudad: resultado de la Matutina de hoy, lunes 21 de junio https://t.co/M21wez3jMz"
        },
        {
            "id": "1407081561539989520",
            "text": "RT @depoweb: #Innegociable Debido a la pandemia del coronavirus, el pa\u00eds organizador tom\u00f3 una dr\u00e1stica decisi\u00f3n. Todos los detalles, en la\u2026"
        },
        {
            "id": "1407081536399290371",
            "text": "RT @depoweb: En medio del esc\u00e1ndalo, Chile se mide ante Uruguay https://t.co/dlrk0ThV5M"
        },
        {
            "id": "1407081527679209483",
            "text": "RT @depoweb: Mundial de Qatar: para entrar a los estadios hay que cumplir un requisito s\u00ed o s\u00ed https://t.co/MtJjxGd0tG"
        },
        {
            "id": "1407080775581782019",
            "text": "RT @cronica: Facturas caseras para acompa\u00f1ar el mate de la tarde https://t.co/rCrPRlQuXf"
        },
        {
            "id": "1407080277952778257",
            "text": "Copa Am\u00e9rica y esc\u00e1ndalo en Chile: as\u00ed los jugadores hicieron la pol\u00e9mica fiesta https://t.co/mLxF5UJkce"
        },
        {
            "id": "1407080269908103178",
            "text": "Alba tuvo Covid-19, le gan\u00f3 la batalla al virus y celebr\u00f3 sus 96 a\u00f1os https://t.co/oNy2hPMj6T"
        },
        {
            "id": "1407080013770346532",
            "text": "RT @BAENegocios: \u00c9pica en Netflix para subirle la temperatura al invierno https://t.co/4TTUKCQ1f7"
        },
        {
            "id": "1407075619687514114",
            "text": "RT @depoweb: #Importante Se realizaron m\u00e1s de 15.000 testeos y los resultados son evidentes. M\u00e1s detalles, en la nota #Conmebol #CopaAm\u00e9ric\u2026"
        },
        {
            "id": "1407074365758447618",
            "text": "\ud83d\udde3\ufe0f[SINCERA]\ud83d\udde3\ufe0f La lucha de Estefan\u00eda Pasquini para ser mam\u00e1 con Alberto Cormillot &gt;&gt;&gt; La nutricionista cont\u00f3 el largo camino que debi\u00f3 atravesar para convertirse en madre junto a su esposo y asegur\u00f3 que \"no pod\u00eda quedar embarazada\". \u00a1Mir\u00e1! https://t.co/8r049PHYWI"
        },
        {
            "id": "1407073978888249344",
            "text": "RT @diarioshow: La lucha de Estefan\u00eda Pasquini para ser mam\u00e1 con Alberto Cormillot https://t.co/yPC2dQ3kDJ"
        },
        {
            "id": "1407073117717942272",
            "text": "Coronavirus en Argentina: 448 muertes y 8.606 contagios https://t.co/pWSNfb8nm7"
        },
        {
            "id": "1407073114056380437",
            "text": "As\u00ed es el Instagram \"tumbero\" del jefe narco, Chuky Monedita https://t.co/FUSLW49P6Q"
        },
        {
            "id": "1407071106217889800",
            "text": "La Plata: marcha para pedir justicia por el transfemicidio de Soraya https://t.co/qnfOdb38VW"
        },
        {
            "id": "1407071101432127488",
            "text": "As\u00ed es el incre\u00edble Instagram tumbero de \"Chuky Monedita\", jefe narco de Rosario https://t.co/GOlE7QX33p"
        },
        {
            "id": "1407071093144186880",
            "text": "En honor al segundo gol de Diego a los ingleses,por primera vez un 22 de junio, se celebrar\u00e1 el D\u00eda del Futbolista https://t.co/T5m6kLIlxf"
        },
        {
            "id": "1407066324015075329",
            "text": "RT @diarioshow: El conmovedor tatuaje de Ricky Sarkany en honor a su hija Sof\u00eda: \"Para siempre\" https://t.co/g2e0b1kbMe"
        },
        {
            "id": "1407065605174398991",
            "text": "\u2764\ufe0f[EMOTIVO]\u2764\ufe0f El conmovedor tatuaje de Ricky Sarkany en honor a su hija Sof\u00eda: \"Para siempre\" &gt;&gt;&gt; El dise\u00f1ador comparti\u00f3 el dibujo con el que inmortaliz\u00f3 en su piel a su primog\u00e9nita quien falleci\u00f3 en marzo tras una dura batalla contra el c\u00e1ncer de \u00fatero. https://t.co/iKqCrbJbPq"
        },
        {
            "id": "1407063406264262656",
            "text": "Horror en TikTok: se mud\u00f3 a una casa nueva y descubri\u00f3 que all\u00ed hab\u00eda ocurrido un asesinato https://t.co/yL5zBscvI6"
        },
        {
            "id": "1407063286286225408",
            "text": "RT @diarioshow: Muri\u00f3 el maquillador de Susana Gim\u00e9nez, Juan Carlos L\u00f3pez https://t.co/H9pKXPav4A"
        },
        {
            "id": "1407063278778404866",
            "text": "RT @BAENegocios: Qui\u00e9nes cobran este martes 22 de junio https://t.co/1H50bWcwwK"
        },
        {
            "id": "1407061371636879373",
            "text": "\ud83d\udcb5 Calendario de pagos de Anses: qui\u00e9nes cobran AUH, AUE, jubilaciones, tarjeta Alimentar y Programa Hogar este martes 22 de junio\nBAE Negocios \nhttps://t.co/cHLt8QNldF"
        },
        {
            "id": "1407060271005372418",
            "text": "Fue a la ferreter\u00eda y se quiso llevar un taladro: lo descubrieron y qued\u00f3 detenido https://t.co/MdykHSfcER"
        },
        {
            "id": "1407060049843953666",
            "text": "\ud83d\ude22[DOLOR]\ud83d\ude22 Muri\u00f3 el maquillador de Susana Gim\u00e9nez, Juan Carlos L\u00f3pez &gt;&gt;&gt; \u00c1ngel de Brito confirm\u00f3 el fallecimiento del estilista despu\u00e9s de haberse contagiado coronavirus y estar internado por m\u00e1s de un mes. Le\u00e9 todo en la nota. https://t.co/MXiUqNxvCo"
        },
        {
            "id": "1407059806364520451",
            "text": "RT @depoweb: #TeEnterate? #Racing Una actitud del exarquero de Manchester United encendi\u00f3 la ilusi\u00f3n de todos los hinchas de la Academia co\u2026"
        },
        {
            "id": "1407059761791651852",
            "text": "RT @depoweb: Eurocopa: Goleada de Pa\u00edses Bajos y victoria hist\u00f3rica de Austria https://t.co/7oVyLQPTnE"
        },
        {
            "id": "1407059321335263233",
            "text": "RT @depoweb: #TeLoPerdiste? Uno de los jugadores que el DT so\u00f1aba con dirigir en el Xeneize se aleja cada vez m\u00e1s. Enterate todo en la nota\u2026"
        },
        {
            "id": "1407058675622199297",
            "text": "Pitbull atac\u00f3 y mat\u00f3 a la mascota de un polic\u00eda y fue ejecutado para evitar que mordiera a otras personas https://t.co/ylgIW6Y9oU"
        },
        {
            "id": "1407058546924081155",
            "text": "RT @depoweb: #LoM\u00e1sLe\u00eddo #Esc\u00e1ndalo El Millonario apuesta por una \"jugada\" que no cay\u00f3 para nada bien en el Atl\u00e9tico de Madrid, por ser \"si\u2026"
        },
        {
            "id": "1407058134976417796",
            "text": "Vacunaci\u00f3n Covid: \u00bfQu\u00e9 dijo Carla Vizzotti sobre la duraci\u00f3n de la inmunidad con la primera dosis? https://t.co/ZQblhiskzw"
        },
        {
            "id": "1407058127116251136",
            "text": "Acribillaron a balazos a joven en confuso episodio callejero https://t.co/DdIjWK4lrZ"
        },
        {
            "id": "1407057481147326465",
            "text": "RT @depoweb: #EURO2020 Los de Frank De Boer golearon a Macedonia y los austr\u00edacos pudieron con Ucrania. Todos los goles, en la nota #Ucrani\u2026"
        },
        {
            "id": "1407054484849692672",
            "text": "RT @BAENegocios: Una aplicaci\u00f3n de comida low cost que crece en medio de la pandemia https://t.co/0s4ykB2Wor"
        },
        {
            "id": "1407054349277216774",
            "text": "Caminaban por la calle y encontraron a un hombre muerto en una zanja https://t.co/Ldygnm3tRR"
        },
        {
            "id": "1407053733175910407",
            "text": "RT @BAENegocios: El bitcoin cae 10% despu\u00e9s de que China reprima la miner\u00eda https://t.co/szSrjLNZqK"
        },
        {
            "id": "1407052464243761169",
            "text": "RT @depoweb: Que s\u00ed, que no: lo de Adv\u00edncula a Boca tiene otro cap\u00edtulo https://t.co/hvM633AG7u"
        },
        {
            "id": "1407052356961943559",
            "text": "Docente de Chascom\u00fas es viral por sus \"Historias de sexo en 5 minutos\" https://t.co/d6RE70xt0U"
        },
        {
            "id": "1407052353547743234",
            "text": "Matrimonio desvalijado: se les par\u00f3 el auto, los golpearon y les robaron todo https://t.co/XXR93jWdgX"
        },
        {
            "id": "1407052345465266178",
            "text": "Cuidado con el \u201casesino silencioso\u201d: D\u00eda de la concientizaci\u00f3n y prevenci\u00f3n contra el mon\u00f3xido de carbono https://t.co/lRDqGfO8rB"
        },
        {
            "id": "1407052336934047747",
            "text": "As\u00ed perro salv\u00f3 a una mujer que intentaba suicidarse https://t.co/cUDArHnMtt"
        },
        {
            "id": "1407050584876847110",
            "text": "RT @depoweb: #MercadoDePases La novela por el lateral peruano parece no tener fin. M\u00e1s detalles, en la nota #Boca #Adv\u00edncula #Rayo\nhttps://\u2026"
        },
        {
            "id": "1407049714932105217",
            "text": "RT @BAENegocios: \"Ninguna dosis de ninguna vacuna vence\", afirm\u00f3 Vizzotti https://t.co/u88oH6PVzN"
        },
        {
            "id": "1407047141084831746",
            "text": "RT @depoweb: #BOMBA Crece el esc\u00e1ndalo en la Selecci\u00f3n de Chile y dos de sus figuras quedaron en evidencia. Mir\u00e1 las fotos, en la nota #LaR\u2026"
        },
        {
            "id": "1407045544451756035",
            "text": "RT @BAENegocios: El MASA de Viviani acord\u00f3 una agenda en com\u00fan con la CGT rumbo a la unidad https://t.co/NBFULDJcxq"
        },
        {
            "id": "1407045541008183306",
            "text": "RT @depoweb: Chile, en llamas: Aparecieron fotos de Vidal y de Vargas en plena fiesta sexual https://t.co/794QcOHOZ0"
        },
        {
            "id": "1407044734690996229",
            "text": "\ud83d\udde3[\u00bfQU\u00c9 DIJO?]\ud83d\udde3 La palabra de la China Su\u00e1rez sobre el supuesto esc\u00e1ndalo con Benjam\u00edn Vicu\u00f1a por el D\u00eda del Padre &gt;&gt;&gt; La pareja habr\u00eda protagonizado una tensa discusi\u00f3n a partir del posteo del actor chileno para honrar la especial fecha. https://t.co/ZZRlPBLCFx"
        },
        {
            "id": "1407044543879467010",
            "text": "RT @diarioshow: La palabra de la China Su\u00e1rez sobre el supuesto esc\u00e1ndalo con Benjam\u00edn Vicu\u00f1a por el D\u00eda del Padre https://t.co/iH94yodFq4"
        },
        {
            "id": "1407044535939645441",
            "text": "RT @diarioshow: Pol\u00e9mica en la serie de Luis Miguel: actor que interpret\u00f3 a \"Tito\" acus\u00f3 a Diego Boneta de agredirlo https://t.co/gpM7OY2RUx"
        },
        {
            "id": "1407044287326457869",
            "text": "\ud83d\udca5[\u00a1ESC\u00c1NDALO!]\ud83d\udca5 Pol\u00e9mica en la serie de Luis Miguel: actor que interpret\u00f3 a \"Tito\" acus\u00f3 a Diego Boneta de agredirlo &gt;&gt;&gt; Mart\u00edn Bello, quien interpret\u00f3 al t\u00edo del cantante, revel\u00f3 que el mexicano lo golpe\u00f3 en una escena y lo demandar\u00e1. https://t.co/22UsNNqpZS"
        },
        {
            "id": "1407043789970100225",
            "text": "Dos mujeres y un hombre detenidos tras insultar a la polic\u00eda: una de ellas intent\u00f3 robar el arma al oficial https://t.co/q7lXRR0KJD"
        },
        {
            "id": "1407043781246033932",
            "text": "Estados Unidos cubrir\u00e1 los gastos por cambio de sexo a veteranos de guerra trans https://t.co/qLSQBI0isz"
        },
        {
            "id": "1407040761686863874",
            "text": "Sputnik V protege contra todas las variantes del Covid incluida la Delta, asegur\u00f3 su creador https://t.co/qYBzzeJnqr"
        },
        {
            "id": "1407038873197289473",
            "text": "RT @depoweb: Koeman se refiri\u00f3 a la situaci\u00f3n de Messi en Barcelona y fue claro https://t.co/usTWnLtNAB"
        },
        {
            "id": "1407038751990325252",
            "text": "Las ventas por el D\u00eda del Padre mejoraron el 35,8% frente a 2020, pero quedaron debajo del nivel de prepandemia https://t.co/tVhBaaHlb3"
        },
        {
            "id": "1407038747863044097",
            "text": "Espa\u00f1a deja de usar barbijo por el Covid, mientras Madrid y Barcelona abren discotecas https://t.co/6Uo5zvey7F"
        },
        {
            "id": "1407037006752931851",
            "text": "Fatal pelea vecinal: un hombre muerto y sus dos hermanos heridos https://t.co/NIwnHdQYsj"
        },
        {
            "id": "1407036998611779595",
            "text": "D\u00eda Mundial contra la ELA: cu\u00e1les son los s\u00edntomas y tratamientos de la esclerosis lateral amiotr\u00f3fica https://t.co/NXBV1dBHDc"
        },
        {
            "id": "1407036990579613702",
            "text": "Secuestran m\u00e1s de una tonelada de marihuana en Misiones https://t.co/VOE0tHhPgb"
        },
        {
            "id": "1407036700552007683",
            "text": "RT @depoweb: #Expectativa El neerland\u00e9s rompi\u00f3 el silencio en su regreso al club. Enterate lo que dijo, en la nota #Barcelona #Messi #Koema\u2026"
        },
        {
            "id": "1407034552674103297",
            "text": "\ud83d\udcfa[\u00bfLE PIFI\u00d3?]\ud83d\udcfa Christophe Krywonis, \u00bfarrepentido de rechazar \"MasterChef Celebrity\"? &gt;&gt;&gt; Seg\u00fan inform\u00f3 La Pavada, el cocinero no est\u00e1 muy contento con el rendimiento del programa de Mariana Fabbiani mientras sus ex compa\u00f1eros arrasan en el rating. https://t.co/w6xa37lxg2"
        },
        {
            "id": "1407033078795677701",
            "text": "#Econom\u00edaReal\n\ud83d\udecd\ufe0f Con la pandemia el consumidor modific\u00f3 sus h\u00e1bitos a la hora de elegir comprar en comercios f\u00edsicos o tiendas online: dos modalidades distintas, \u00bfpueden ser aliadas?\nPor Victoria Blazevic\nhttps://t.co/YVWRqzfMwg"
        },
        {
            "id": "1407032982674751501",
            "text": "\ud83d\ude0d[EMOCIONADA]\ud83d\ude0d La felicidad de Reina Reech por el nacimiento de Belisario, el segundo hijo de Juana Repetto &gt;&gt;&gt; El peque\u00f1o lleg\u00f3 al mundo en medio del D\u00eda del Padre y la actriz lo celebr\u00f3 con emocionantes palabras para su hija y su nuevo nieto. https://t.co/aqMstCttoK"
        },
        {
            "id": "1407032036087435264",
            "text": "RT @depoweb: #BajaSensible El arquero decidi\u00f3 no renovar su v\u00ednculo con el Taladro y buscar\u00e1 un nuevo destino. Mir\u00e1 el video, en la nota #B\u2026"
        },
        {
            "id": "1407031825315237891",
            "text": "RT @depoweb: Arboleda se va de Banfield y se despidi\u00f3 a trav\u00e9s de un video https://t.co/hFLitmLwFi"
        },
        {
            "id": "1407031712723312656",
            "text": "Francia reabre los boliches tras un a\u00f1o y medio de cierre por el Covid https://t.co/kzfcD2AIlL"
        },
        {
            "id": "1407031708617084931",
            "text": "Coordinadora de Swiss Medical: los m\u00e9dicos de Maradona \"nunca\" pidieron internaci\u00f3n domiciliaria https://t.co/282Lt1pqL3"
        },
        {
            "id": "1407031329955323908",
            "text": "RT @diarioshow: La felicidad de Reina Reech por el nacimiento de Belisario, el segundo hijo de Juana Repetto https://t.co/VsNjE3gBqU"
        }
    ],
    "meta": {
        "newest_id": "1407111213629194240",
        "next_token": "b26v89c19zqg8o3fpdg9ux0v5e5mwzn8o0ywpsh5vycu5",
        "oldest_id": "1407031329955323908",
        "result_count": 100
    }
}