{
    "data": [
        {
            "id": "1407111273796472832",
            "text": "Formaciones confirmadas: Argentina busca ante Paraguay encaminar su pase a los cuartos de final de la Copa Am\u00e9rica https://t.co/KNsGafse41"
        },
        {
            "id": "1407110548660031496",
            "text": "Mientras negocia en Viena retomar el acuerdo nuclear, Ir\u00e1n cerr\u00f3 temporalmente la central de Bushehr https://t.co/1Jv4SKlzar"
        },
        {
            "id": "1407109047082524680",
            "text": "Un bug bloquea el wifi del iPhone tras conectar a una red con un extra\u00f1o nombre https://t.co/q7pgd5BiPT"
        },
        {
            "id": "1407107392207306758",
            "text": "RT @infobaeamerica: \ud83d\udd34 AHORA | Caso Odebrecht en Per\u00fa: el juez rechaz\u00f3 el pedido del fiscal para que Keiko Fujimori vuelva a prisi\u00f3n https:/\u2026"
        },
        {
            "id": "1407106661593104398",
            "text": "Susana Gim\u00e9nez muestra una \u201cmuy buena evoluci\u00f3n\u201d, a 11 d\u00edas de haber sido internada con coronavirus https://t.co/AdH5rIzRTY"
        },
        {
            "id": "1407105327422742530",
            "text": "Los bancos cubanos dejan de aceptar desde hoy dep\u00f3sitos de d\u00f3lares en efectivo https://t.co/dkTWOifXOU https://t.co/0oFtLp61OH"
        },
        {
            "id": "1407103323178737666",
            "text": "La ciudad de Buenos Aires abrir\u00e1 la inscripci\u00f3n para que se vacunen los mayores de 40 a\u00f1os sin comorbilidades https://t.co/lBpCSmuNHr https://t.co/CAJgFY1L3R"
        },
        {
            "id": "1407102956965670914",
            "text": "Hong Kong: por la presi\u00f3n de China, el diario pro democracia \u2018Apple Daily\u2019 podr\u00eda cerrar en pocos d\u00edas | Por Shibani Mathani y Theodora Yu https://t.co/HrVeOBcaaQ"
        },
        {
            "id": "1407101057449213963",
            "text": "El ministro Jorge Ferraresi tiene un lote bald\u00edo en Avellaneda, donde una flamante ordenanza permitir\u00e1 expropiar terrenos sin edificar https://t.co/kuUOmhFPab"
        },
        {
            "id": "1407099668899717124",
            "text": "La OMS advirti\u00f3 que la variante Delta es \u201cla m\u00e1s r\u00e1pida\u201d y alert\u00f3 que se puede propagar m\u00e1s con la relajaci\u00f3n de las restricciones en varios pa\u00edses https://t.co/NVpyYFcELC"
        },
        {
            "id": "1407098634353709057",
            "text": "Kike Teruel, de Los Nocheros, aclar\u00f3 sus pol\u00e9micos dichos sobre la vacuna contra el coronavirus https://t.co/msYuQFeq55"
        },
        {
            "id": "1407098346876116997",
            "text": "\ud83d\udd34 AHORA | La ciudad de Buenos Aires abrir\u00e1 la inscripci\u00f3n para que se vacunen los mayores de 40 a\u00f1os sin comorbilidades https://t.co/1mJIxMB2qJ"
        },
        {
            "id": "1407097624449200130",
            "text": "De ser la figura del partido a protagonizar un blooper: la mala fortuna del arquero de Finlandia que le dio la victoria a B\u00e9lgica https://t.co/kV86kHOoas"
        },
        {
            "id": "1407096715086381058",
            "text": "Italia anunci\u00f3 que la semana que viene dejar\u00e1 de ser obligatorio el uso de mascarilla al aire libre https://t.co/PmjW63U2XG https://t.co/kyYsiPmvlN"
        },
        {
            "id": "1407096106832609286",
            "text": "Italia anunci\u00f3 que la semana que viene dejar\u00e1 de ser obligatorio el uso de mascarilla al aire libre https://t.co/RRsqMnjMQA"
        },
        {
            "id": "1407094963876372487",
            "text": "Corrientes: el vicegobernador rompi\u00f3 con Vald\u00e9s y ser\u00e1 candidato a intendente de la capital en acuerdo con el peronismo https://t.co/BhD1qKEWq7"
        },
        {
            "id": "1407093510629736454",
            "text": "Se agrav\u00f3 la salud de Carlos Reutemann y fue trasladado a terapia intensiva https://t.co/8l8i3gtPzT"
        },
        {
            "id": "1407093507634913281",
            "text": "El radicalismo ir\u00e1 a la mesa de Juntos por el Cambio a intentar imponer candidatos propios en los principales distritos | Por David Cay\u00f3n\n https://t.co/4U3KSRuvPy"
        },
        {
            "id": "1407092159598235650",
            "text": "Inc\u00f3modo momento con Patricia Bullrich en la obra de Luis Brandoni por los protocolos sanitarios https://t.co/qg7ommmljt"
        },
        {
            "id": "1407090644779155459",
            "text": "La Justicia brasile\u00f1a absolvi\u00f3 a Lula da Silva en uno de los casos de corrupci\u00f3n https://t.co/q8MDSACvGv"
        },
        {
            "id": "1407089592843579394",
            "text": "Las consecuencias que tendr\u00eda el turismo espacial para la Tierra https://t.co/XUWoDRVE1E"
        },
        {
            "id": "1407088547442659338",
            "text": "Desbarataron una fiesta clandestina en Palermo: hab\u00eda m\u00e1s de 100 personas y DJ\u2019s tocando en vivo https://t.co/3glaW7jalq"
        },
        {
            "id": "1407087515580907526",
            "text": "RT @infobaeamerica: \ud83d\udd34 AHORA | Italia anunci\u00f3 que la semana que viene dejar\u00e1 de ser obligatorio el uso de mascarilla https://t.co/oHk3Y0Drdw\u2026"
        },
        {
            "id": "1407087058531799043",
            "text": "Michelle Bachelet habl\u00f3 en la ONU sobre \u201clas preocupaciones cr\u00edticas de derechos humanos en Formosa\u201d https://t.co/jfGxKrclkk https://t.co/oUdHCg1wc5"
        },
        {
            "id": "1407085889956818949",
            "text": "Carla Vizzotti habl\u00f3 del retraso en la aplicaci\u00f3n de la segunda dosis: \u201cNinguna vacuna vence\u201d https://t.co/CjCep9o9vJ https://t.co/9glnd2MHTo"
        },
        {
            "id": "1407084985056702467",
            "text": "RT @infobaedeportes: B\u00e9lgica cerr\u00f3 como l\u00edder del Grupo B y Dinamarca logr\u00f3 una clasificaci\u00f3n heroica en la Eurocopa https://t.co/M9LNN9mug\u2026"
        },
        {
            "id": "1407084813069258752",
            "text": "Un ex futbolista alem\u00e1n fue muy duro con Cristiano Ronaldo tras su extra\u00f1o lujo en el duelo por la Eurocopa: \u201cParece tonto\u201d https://t.co/WK50JmBJYx"
        },
        {
            "id": "1407082958771609609",
            "text": "Copa Am\u00e9rica: el 99% de las pruebas de COVID-19 realizadas a las delegaciones dieron resultado negativo https://t.co/IKySC3wYNb"
        },
        {
            "id": "1407082204962897923",
            "text": "Mart\u00edn Bello mostr\u00f3 los moretones que le quedaron despu\u00e9s de la escena con Diego Boneta https://t.co/3wey0DcJ3W"
        },
        {
            "id": "1407081370543874051",
            "text": "\u00bfVenganza? Alex Rodr\u00edguez, ex de J.Lo, fue captado de fiesta con una ex novia de Ben Affleck https://t.co/DW6rzqVPVV"
        },
        {
            "id": "1407081095431081987",
            "text": "Los bancos cubanos dejan de aceptar desde hoy dep\u00f3sitos de d\u00f3lares en efectivo https://t.co/dkTWOifXOU https://t.co/3v9mnOrA54"
        },
        {
            "id": "1407080254842232842",
            "text": "Espa\u00f1a considera necesario celebrar \u201cpronto\u201d una cumbre entre la UE y Latinoam\u00e9rica https://t.co/7AdvuJJUGp"
        },
        {
            "id": "1407079757997613059",
            "text": "Estados Unidos invit\u00f3 a reabrir el di\u00e1logo con Corea del Norte sin \u201ccondiciones previas\u201d https://t.co/UNmeBdKNUX"
        },
        {
            "id": "1407079556637499395",
            "text": "Las poderosas explosiones con las que EEUU prob\u00f3 la resistencia de su nuevo portaaviones https://t.co/zPlO48mdKz"
        },
        {
            "id": "1407079514564403204",
            "text": "Airspeeder anunci\u00f3 que su auto de carreras volador realiz\u00f3 su primer vuelo de prueba con \u00e9xito https://t.co/7aL19DAv4M"
        },
        {
            "id": "1407079376131342345",
            "text": "RT @infobaedeportes: B\u00e9lgica se impuso ante Finlandia y cerr\u00f3 su participaci\u00f3n en el Grupo B con puntaje ideal https://t.co/8D6aZPplGj http\u2026"
        },
        {
            "id": "1407078513732112390",
            "text": "Mostr\u00f3 su \u201ccuarto tercermundista\u201d y se volvi\u00f3 viral: la historia de un mexicano en TikTok https://t.co/pq0s4Li4CE"
        },
        {
            "id": "1407077778793566214",
            "text": "Argentina y M\u00e9xico llamaron a consulta a sus embajadores en Nicaragua por las violaciones a los derechos humanos del r\u00e9gimen de Ortega | Por Rom\u00e1n Lejtman https://t.co/rl3rcyr7xw https://t.co/yYp2oFChC6"
        },
        {
            "id": "1407076377560596484",
            "text": "El bitcoin se hunde 10% por la represi\u00f3n en China contra el minado de criptomonedas https://t.co/yysBDi5oWb"
        },
        {
            "id": "1407075414615416832",
            "text": "RT @infobaedeportes: Uruguay se mide con Chile en busca de su primer triunfo en la Copa Am\u00e9rica https://t.co/ZVvKLQyUJp https://t.co/5Tp9l0\u2026"
        },
        {
            "id": "1407075009261182976",
            "text": "Sat\u00e9lites de madera: la posible soluci\u00f3n a la disminuci\u00f3n del agujero en la capa de ozono https://t.co/zAzApktRLa"
        },
        {
            "id": "1407074010349834248",
            "text": "Funcionarios del Gobierno compartir\u00e1n un evento con la comunidad afroargentina tras los pol\u00e9micos dichos de Alberto Fern\u00e1ndez https://t.co/WNfAEs1tox"
        },
        {
            "id": "1407073192594784261",
            "text": "[OPINI\u00d3N] El inmoral y mortal silencio del mundo sobre Hamas y Hezbollah | Por Kenneth Jacobson\n https://t.co/rT2jonPWNE"
        },
        {
            "id": "1407072206111199249",
            "text": "Michelle Bachelet habl\u00f3 en la ONU sobre \u201clas preocupaciones cr\u00edticas de derechos humanos en Formosa\u201d https://t.co/KQsWSpEtkq"
        },
        {
            "id": "1407071346568347651",
            "text": "La campa\u00f1a a favor de la liberaci\u00f3n de la princesa Latifa de Dubai celebr\u00f3 su viaje a Espa\u00f1a https://t.co/4CNsCWCOcm"
        },
        {
            "id": "1407069971205824523",
            "text": "Una pareja fue atacada a tiros durante el festival puertorrique\u00f1o de Chicago: \u00e9l muri\u00f3 en el lugar y su novia se encuentra grave en el hospital https://t.co/MHLR3ohzwa"
        },
        {
            "id": "1407068932800978953",
            "text": "El ex\u00f3tico look del arquero Alan Leonardo D\u00edaz despu\u00e9s de pasar por el bautismo en su primera pretemporada con el plantel de River Plate https://t.co/ihW7lCMcid"
        },
        {
            "id": "1407067712816300035",
            "text": "Estados Unidos detall\u00f3 c\u00f3mo distribuir\u00e1 55 millones de vacunas contra el coronavirus con Am\u00e9rica Latina, \u00c1frica y Asia https://t.co/Lqc1Xyj22v"
        },
        {
            "id": "1407067527012831232",
            "text": "\ud83d\udd34 REITERAMOS | Coronavirus en Argentina: confirmaron 448 muertes y 8.606 contagios en las \u00faltimas 24 horas https://t.co/ezOQwTpwsJ"
        },
        {
            "id": "1407066488310276098",
            "text": "La lucha cient\u00edfica por el origen definitivo de la pandemia: \u00bfDe d\u00f3nde vino el coronavirus? | Por Joel Achenbach\n https://t.co/uyKZMpL5Nn"
        },
        {
            "id": "1407065749160710144",
            "text": "\ud83d\udd34 AHORA | Coronavirus en Argentina: confirmaron 448 muertes y 8.606 contagios en las \u00faltimas 24 horas https://t.co/d6AWOzG2lp https://t.co/GlMBNeoYAR"
        },
        {
            "id": "1407064846001135618",
            "text": "\u00bfPor qu\u00e9 las mujeres son m\u00e1s propensas a un COVID-19 prolongado? https://t.co/LGCUPeG6eQ"
        },
        {
            "id": "1407063357035851776",
            "text": "Becky G y Sebastian Lletget tuvieron una salida rom\u00e1ntica, Alessandra Ambrosio disfrut\u00f3 de la playa en Las Vegas: celebrities en un click https://t.co/E4ULws45WS"
        },
        {
            "id": "1407061346882101258",
            "text": "Samuel Eto\u2019o sorprendi\u00f3 al revelar que le hubiera gustado ser dirigido por Marcelo Gallardo: \u201cYo lo veo en el Barcelona\u201d https://t.co/YcsGV6mVT4"
        },
        {
            "id": "1407059767969918978",
            "text": "Qu\u00e9 revel\u00f3 la autopsia a la v\u00edctima del femicidio en un hotel alojamiento de Quilmes: la Justicia busca al sospechoso https://t.co/7aLtF1f4Qj"
        },
        {
            "id": "1407058692818845710",
            "text": "Carla Vizzotti habl\u00f3 del retraso en la aplicaci\u00f3n de la segunda dosis: \u201cNinguna vacuna vence\u201d https://t.co/lSqkn8Ifif"
        },
        {
            "id": "1407056885598015490",
            "text": "Alberto Samid viol\u00f3 la prisi\u00f3n domiciliaria: fue a un restaurante y lo echaron los clientes https://t.co/GZcCF6qgXa"
        },
        {
            "id": "1407055155468582912",
            "text": "\u201cLa vacuna rusa a partir del mes que viene\u201d: venezolanos no recibieron la segunda dosis pese a que fueron convocados por las autoridades chavistas https://t.co/3GSsDu0oek"
        },
        {
            "id": "1407053109046693894",
            "text": "La plaga de polillas que desesperada a la poblaci\u00f3n de Nueva York https://t.co/fk441VZcut"
        },
        {
            "id": "1407051410945028103",
            "text": "Santa Fe: la ciudad de Reconquista sufri\u00f3 dos usurpaciones de tierras en menos de dos semanas https://t.co/QVMXhCR7do"
        },
        {
            "id": "1407050110064861192",
            "text": "Diego Boneta podr\u00eda enfrentar demanda por agredir a un actor de \u201cLuis Miguel, la serie\u201d https://t.co/lT2m4NZPoc"
        },
        {
            "id": "1407048457194463234",
            "text": "Muri\u00f3 por coronavirus el maquillador de Susana Gim\u00e9nez, Juan Carlos L\u00f3pez\n https://t.co/q5y4uonBAB"
        },
        {
            "id": "1407044056866304009",
            "text": "El bitcoin se hunde m\u00e1s de 10% por la represi\u00f3n en China contra el minado de criptomonedas https://t.co/BU1X7B93Qd"
        },
        {
            "id": "1407041982648684545",
            "text": "Desaparici\u00f3n de Guadalupe: las peleas e \u201cinconsistencias\u201d en las declaraciones de la familia y la nueva pista que investiga la Justicia | Por Mart\u00edn Candalaft\n https://t.co/fcDBsrlr8u"
        },
        {
            "id": "1407040729013161985",
            "text": "Se filtr\u00f3 el video del esc\u00e1ndalo: as\u00ed rompieron la burbuja en plena Copa Am\u00e9rica los jugadores de Chile https://t.co/9Dspt50ZnV"
        },
        {
            "id": "1407040028530950158",
            "text": "Aterriz\u00f3 en Venezuela un avi\u00f3n iran\u00ed sancionado por Estados Unidos por transportar armas para grupos terroristas https://t.co/FbpAGvTFwx"
        },
        {
            "id": "1407039440254607361",
            "text": "EEUU prob\u00f3 la resistencia de su nuevo portaaviones con poderosas explosiones https://t.co/BEJSpotANC"
        },
        {
            "id": "1407038639301873670",
            "text": "El cantante Wisin anunci\u00f3 que ser\u00e1 padre de nuevo https://t.co/X8YZBBcC61"
        },
        {
            "id": "1407037010762678273",
            "text": "La Asociaci\u00f3n Uruguaya de f\u00fatbol despidi\u00f3 a un empleado de la delegaci\u00f3n tras ser denunciado por \u201cacoso sexual y hostigamiento\u201d https://t.co/tm2LSXeabQ"
        },
        {
            "id": "1407036265418182660",
            "text": "[OPINI\u00d3N] Hacer seguidismo con M\u00e9xico no sustituye la falta de pol\u00edtica con Brasil y el Mercosur | Por Mariano Caucino\n https://t.co/3GACDT6Lj5"
        },
        {
            "id": "1407035628764663812",
            "text": "Una alianza inesperada hizo caer el Gobierno de Suecia tras una hist\u00f3rica moci\u00f3n de censura https://t.co/Qw3twXeTmS"
        },
        {
            "id": "1407035117420285957",
            "text": "\u201cDumbo\u201d, el capo de Villa Lugano que desaf\u00eda a la Justicia: sus planteos para seguir pr\u00f3fugo y su prontuario por asesinato | Por Federico Fahsbender\n https://t.co/FnYDYhJwj9"
        },
        {
            "id": "1407034543433977857",
            "text": "Revelan que los pr\u00edncipes William y Harry tuvieron una feroz pelea cara a cara por Meghan Markle https://t.co/ycrHuBdWLF"
        },
        {
            "id": "1407033803038728194",
            "text": "Ernesto Sanz tambi\u00e9n expuso las diferencias en Juntos por el Cambio: \u201cEl radicalismo quiere otro protagonismo\u201d https://t.co/VH1fSqKMQP"
        },
        {
            "id": "1407033043559272452",
            "text": "Con una foto de Juana despu\u00e9s de dar a luz, Nicol\u00e1s Repetto le dio la bienvenida a su nieto Belisario https://t.co/Kuz3ne1GJa"
        },
        {
            "id": "1407032314924785670",
            "text": "El pron\u00f3stico de Dady Brieva sobre qui\u00e9n ser\u00e1 el pr\u00f3ximo presidente de la Argentina https://t.co/L4phBBICzV"
        },
        {
            "id": "1407031490245021698",
            "text": "La provincia de Buenos Aires extendi\u00f3 su canje de deuda por 19\u00b0 vez: los bonistas ya recurren a burlarse en redes sociales https://t.co/sGavA7ghXD"
        },
        {
            "id": "1407031014514376704",
            "text": "Dos gigantes multinacionales ofrecen m\u00e1s de 2.000 puestos de trabajo en la Argentina: qu\u00e9 perfiles buscan | Por Ximena Casas\n https://t.co/NBOHzQxaql"
        },
        {
            "id": "1407029490056937474",
            "text": "La vida sin pandemia: c\u00f3mo es la vuelta a la normalidad en los pa\u00edses que levantaron las restricciones por el COVID-19 https://t.co/3GdzOJhU0a"
        },
        {
            "id": "1407027936205619207",
            "text": "El actor que hizo de Gunther en \u201cFriends\u201d revel\u00f3 su dura batalla contra un avanzado c\u00e1ncer https://t.co/jVHOEeSkQQ"
        },
        {
            "id": "1407026422254813184",
            "text": "Comienza en Francia el juicio contra una mujer que mat\u00f3 a su abusador tras ser torturada, violada y prostituida por 25 a\u00f1os | Por Jorge Cantillo\n https://t.co/0NAZAsyEYH"
        },
        {
            "id": "1407024908467683331",
            "text": "Qu\u00e9 es un infarto agudo de miocardio | Por Dr. Daniel L\u00f3pez Rosetti https://t.co/2tK76p9gpn"
        },
        {
            "id": "1407023468395249669",
            "text": "Sale a entrenar a la ruta y con una silla antigua: la conmovedora historia de la atleta que sue\u00f1a con los juegos paral\u00edmpicos de Tokio https://t.co/jKAUZCW4dK"
        },
        {
            "id": "1407021876615041027",
            "text": "Carlos Zannini se meti\u00f3 en la causa penal por el Correo y desat\u00f3 acusaciones de \u201cpersecuci\u00f3n pol\u00edtica\u201d al macrismo | Por Patricia Blanco https://t.co/pNAwtmaqGF"
        },
        {
            "id": "1407020745549549573",
            "text": "Las memorias de Juan Carlos Olave: el ca\u00f3tico \u00faltimo encuentro con su primo Rodr\u00edgo, su rol de suplente y verdugo de River, y c\u00f3mo super\u00f3 el 0-7 ante Estudiantes | Por Federico Cristofanelli https://t.co/EfBJa0vohs"
        },
        {
            "id": "1407019153291202563",
            "text": "Este 22 de junio a las 16:09 se cumplen 35 a\u00f1os del gol del siglo.\nA la hora exacta del gol de Diego a los ingleses, pon\u00e9 el video o el audio del hist\u00f3rico relato a todo volumen y gritalo.\nGritalo de nuevo, como si fuera la primera vez, #GritaloPorD10S https://t.co/ojYw6Jlf5f"
        },
        {
            "id": "1407018378280280067",
            "text": "La palabra del actor que acusa a Diego Boneta de agredirlo en una escena de la serie de Luis Miguel: \u201cEn el gui\u00f3n no hab\u00eda golpes\u201d https://t.co/4fSOhn6zPG"
        },
        {
            "id": "1407018231194324999",
            "text": "Gu\u00eda de viaje por EEUU en pandemia: cu\u00e1les son las condiciones y reglas para volar y transitar tranquilo https://t.co/mpwoXMAX5P"
        },
        {
            "id": "1407016724675842054",
            "text": "Alertan por una nueva estafa utilizada para robar criptomonedas\n https://t.co/MW66RoS2sT"
        },
        {
            "id": "1407015395656187917",
            "text": "Esclerosis Lateral Amiotr\u00f3fica: de qu\u00e9 se trata esta temida enfermedad y cu\u00e1les son los \u00faltimos avances para combatirla https://t.co/yXuKVOA7qh"
        },
        {
            "id": "1407014867140239363",
            "text": "\u00bfDerecho a morir? 3 proyectos para legalizar la eutanasia en el pa\u00eds y un debate \u00e9tico vigente a\u00fan en pandemia https://t.co/VRBbgyqPVz"
        },
        {
            "id": "1407014668166651904",
            "text": "La vida del pr\u00edncipe William: el hombre que no puede hacer lo que quiere ni lo que siente, solo lo que debe | Por Susana Ceballos https://t.co/25j3NR88Nw"
        },
        {
            "id": "1407014601326215168",
            "text": "\ud83d\udd34 \u201cPara fin de a\u00f1o podr\u00edamos vivir una vida casi normal\u201d \n\n\ud83d\udd36 Roberto Salvarezza dijo que si contin\u00faan llegando vacunas con la frecuencia de esta semana se conseguir\u00e1 la inmunidad de reba\u00f1o en septiembre \n\nhttps://t.co/qyYPzU3iwk https://t.co/Bn3HhM0tvL"
        },
        {
            "id": "1407013589077180426",
            "text": "Kathleen Turner: la sex symbol a la que una enfermedad le destruy\u00f3 el cuerpo pero no su vida | Por Susana Ceballos https://t.co/kcY2Il2LID"
        },
        {
            "id": "1407013399976890369",
            "text": "Los bancos cubanos dejan de aceptar desde hoy dep\u00f3sitos de d\u00f3lares en efectivo https://t.co/ifVGUY2HNH"
        },
        {
            "id": "1407012452416557059",
            "text": "Escandalo en la Copa Am\u00e9rica: detuvieron al jefe de seguridad de la Selecci\u00f3n de Uruguay tras una denuncia de \u201cacoso y hostigamiento sexual\u201d https://t.co/K70Vwwjk2m"
        },
        {
            "id": "1407011549458448391",
            "text": "El posible destino de Sergio Ramos tras su inminente salida del Real Madrid y su reencuentro con un viejo conocido https://t.co/622eIbJrUH"
        },
        {
            "id": "1407010397878685696",
            "text": "La escasez de combustible en la frontera entre Venezuela y Colombia se agrava por el contrabando y la extorsi\u00f3n militar: \u201cEs exasperante\u201d https://t.co/PzNZTyKQlh"
        },
        {
            "id": "1407009539388579845",
            "text": "Qu\u00e9 es un infarto agudo de miocardio | Por Dr. Daniel L\u00f3pez Rosetti https://t.co/PhNHyGw2l5 https://t.co/h5wcxwnSpS"
        },
        {
            "id": "1407009069735481350",
            "text": "Doble est\u00e1ndar: el r\u00e9gimen chino, indignado por la donaci\u00f3n de vacunas de Estados Unidos a Taiw\u00e1n https://t.co/BdYJ192HMm"
        }
    ],
    "meta": {
        "newest_id": "1407111273796472832",
        "next_token": "b26v89c19zqg8o3fpdg9uwzz48dixjd7f7df4b8gdbyil",
        "oldest_id": "1407009069735481350",
        "result_count": 100
    }
}