{
    "data": [
        {
            "id": "1403553540421963778",
            "text": "Por qu\u00e9, seg\u00fan Carlos Melconian, la inflaci\u00f3n es aliada del Gobierno https://t.co/6SbtfG1lWw https://t.co/qvRSAlf6jz"
        },
        {
            "id": "1403553530963652613",
            "text": "Luis Majul: ''Viernes de furia, fallido presidencial y hartazgo social'' https://t.co/K70E1j3BgK https://t.co/2w6AAGiqXJ"
        },
        {
            "id": "1403508234741157888",
            "text": "''Traigan la Pfizer'': Feinmann y Jony Viale analizaron la ins\u00f3lita canci\u00f3n de Ignacio Copani https://t.co/d4uHzZCmiN https://t.co/BiRSw4F8Iy"
        },
        {
            "id": "1403276453941235712",
            "text": "#M\u00e1sMa\u00f1ana con @EleonoraCole y @riflevarela de 6.00 hasta las 9hs.\n\nDESDE QUE EMPEZ\u00d3 LA PANDEMIA, \u00bfTUVISTE PROBLEMAS PARA DORMIR?"
        },
        {
            "id": "1403220711162843141",
            "text": "Alberto Fern\u00e1ndez, el matarife de la palabra https://t.co/dSd4gJeYOB https://t.co/8fmHAoNMfr"
        },
        {
            "id": "1403154660806991872",
            "text": "Alfredo Leuco, sobre la pobreza: ''No fracas\u00f3 el capitalismo sino el kirchnerismo'' https://t.co/IhCoBP0qSy https://t.co/lmJWXhrA7i"
        },
        {
            "id": "1403154654712664064",
            "text": "El pifie de Jonatan Viale con Eduardo Feinmann: ''Mejor me voy'' https://t.co/zYhC8qicBM https://t.co/7W9p9bq3ZE"
        },
        {
            "id": "1403145723340750849",
            "text": "Sorpresa para Christian Martin: un grupo de adolescentes le coparon el m\u00f3vil y hablaron con Feinmann https://t.co/fxL7jrM86C https://t.co/Z1LalIhVx2"
        },
        {
            "id": "1403048074625363972",
            "text": "Leuco: ''Las ideas y declaraciones de Fernanda Vallejos van a contramano del progreso'' https://t.co/ZfVgFiXXWW https://t.co/gRZK4M3xCZ"
        },
        {
            "id": "1402919772195594241",
            "text": "#M\u00e1sMa\u00f1ana con @EleonoraCole y @riflevarela.\nPrecauci\u00f3n: bancos de niebla y neblina en los accesos. Envianos tu video. https://t.co/iOZ9PYiy3h"
        },
        {
            "id": "1402913009731788800",
            "text": "#M\u00e1sMa\u00f1ana con @EleonoraCole y @riflevarela de 6.00 hasta las 9hs.\n\n\u00bfQU\u00c9 ACTIVIDAD AL AIRE LIBRE PREFER\u00cdS?"
        },
        {
            "id": "1402907527533064197",
            "text": "Juan Carlos de Pablo: ''La par\u00e1lisis del equipo econ\u00f3mico es monstruosa'' https://t.co/qUmMOp47rn https://t.co/JwGRn9hyJB"
        },
        {
            "id": "1402851781420347392",
            "text": "Se insiste con el fracaso de la vacunaci\u00f3n militante https://t.co/ttNMnL2Hgk https://t.co/6wrKzJO4gT"
        },
        {
            "id": "1402805484457906180",
            "text": "Luis Majul: ''\u00bfEn qu\u00e9 se ha convertido el Presidente?'' https://t.co/e1CPJipBiG https://t.co/EGKwm2Lk7j"
        },
        {
            "id": "1402803594852634626",
            "text": "Ricardo Dar\u00edn: ''Estamos haciendo todo al rev\u00e9s a la hora de atraer inversi\u00f3n extranjera'' https://t.co/nHvYz3QGKq https://t.co/TWxPnZQyQA"
        },
        {
            "id": "1402760182438907905",
            "text": "''Fil\u00f3sofo racista del siglo XXI'': Eduardo Feinmann, duro con Alberto Fern\u00e1ndez tras sus dichos https://t.co/7c0DQKfm28 https://t.co/0RYMlTjqM0"
        },
        {
            "id": "1402654340062588932",
            "text": "Ya venimos con #MasData hasta las 15 con @FranOliveraOK y @guadavazquez \ud83d\udd25 \u00a1Los esperamos! https://t.co/Oi8Ct6FgEh"
        },
        {
            "id": "1402550206617505794",
            "text": "#M\u00e1sMa\u00f1ana con @EleonoraCole y @riflevarela de 6.00 hasta las 9hs.\n\n\u00bfEST\u00c1S DE ACUERDO CON VOLVER A FASE 1 LOS FINES DE SEMANA?"
        },
        {
            "id": "1402526768318205956",
            "text": "Rogelio Frigerio: ''No veo al Gobierno aprendiendo de sus errores'' https://t.co/pgwizkHCoT https://t.co/qu91KRZutB"
        },
        {
            "id": "1402489521434894337",
            "text": "Daniel L\u00f3pez Rosetti: ''La calle Corrientes se va a volver a llenar de gente'' https://t.co/3fwE9bXY31 https://t.co/HV6wnJFtxT"
        },
        {
            "id": "1402466242338844674",
            "text": "Majul: ''\u00bfPor qu\u00e9 tampoco tenemos la vacuna de Johnson?'' https://t.co/AneO9UnzqF https://t.co/jAvkdOw4gW"
        },
        {
            "id": "1402432519778095104",
            "text": "El duro editorial de Alfredo Leuco sobre Milagro Sala: ''Aprovech\u00f3 su poder para robar fondos'' https://t.co/WQKvdBLrMC https://t.co/DAGwQlNQ42"
        },
        {
            "id": "1402411130652282880",
            "text": "Eduardo Feinmann carg\u00f3 contra la vicegobernadora de Chaco: ''\u00bfLa equipa? \u00bfno le da verg\u00fcenza?'' https://t.co/5Xb2QmCpLY https://t.co/WfnHIF3od6"
        },
        {
            "id": "1402293385050963981",
            "text": "Ya venimos con #MasData hasta las 15 con @FranOliveraOK y @guadavazquez \ud83d\udd25 \u00a1Los esperamos! https://t.co/ljwP4osn8q"
        },
        {
            "id": "1402186589271379968",
            "text": "#M\u00e1sMa\u00f1ana con @EleonoraCole y @riflevarela de 6.00 hasta las 10hs.\n\nMONOTRIBUTO: \u00bfC\u00d3MO TE AFECTARON LAS NUEVAS MODIFICACIONES?"
        },
        {
            "id": "1402149663336144907",
            "text": "Cristina Kirchner y el fracaso de un experimento https://t.co/Zcs9GOe2TB https://t.co/14Bop9Ej3s"
        },
        {
            "id": "1402070510851149824",
            "text": "Alfredo Leuco: ''Nadie agredi\u00f3 tanto a los medios como el cristinismo'' https://t.co/JiSw1FemB1 https://t.co/BczQ4W6Bcd"
        },
        {
            "id": "1402058818754732032",
            "text": "El editorial de Jony Viale: ''El \u00faltimo mes fue de barrabasadas'' https://t.co/ApPPjUaZXY https://t.co/Gy13HG1X28"
        },
        {
            "id": "1402058809225269250",
            "text": "El duro relato de Jony Viale: ''Estuve internado y nadie lo supo, fue un espanto'' https://t.co/zZ5xAC4ebn https://t.co/KsQmrHs7Zc"
        },
        {
            "id": "1401919688871976967",
            "text": "En instantes venimos con #MasData hasta las 15 con @FranOliveraOK y @guadavazquez \ud83d\udd25 \u00a1Los esperamos! https://t.co/X7hncvvAn4"
        },
        {
            "id": "1401825293007007746",
            "text": "#M\u00e1sMa\u00f1ana con @EleonoraCole, @riflevarela y @eltatoyoung de 6.00 hasta las 10hs.\n\n\u00bfYA TE DISTE LA VACUNA CONTRA EL COVID-19?"
        },
        {
            "id": "1401757326613180423",
            "text": "Carlos Regazzoni: ''No podemos seguir teniendo a los chicos fuera de la escuela'' https://t.co/H0jQWy9yDd https://t.co/BlOvStEY9X"
        },
        {
            "id": "1401719321525514243",
            "text": "Covid: denuncian el uso pol\u00edtico de la vacunaci\u00f3n en La Matanza https://t.co/34PBUbKzTZ https://t.co/DNUsMZbrtF"
        },
        {
            "id": "1401695663553843200",
            "text": "Luis Majul: ''Sin vacunas (a tiempo) ni asado, solo les queda la propaganda K'' https://t.co/EtMRvEqdqL https://t.co/XouoWDiHL0"
        },
        {
            "id": "1401672766768615424",
            "text": "Roberto Cachanosky: ''La econom\u00eda la maneja el Instituto Patria'' https://t.co/PIASeW0x18 https://t.co/jDkp801urA"
        }
    ],
    "meta": {
        "newest_id": "1403553540421963778",
        "oldest_id": "1401672766768615424",
        "result_count": 35
    }
}