{
    "data": [
        {
            "id": "1407110549096239109",
            "text": "D\u00eda del Padre: por qu\u00e9 Benjam\u00edn Vicu\u00f1a borr\u00f3 el posteo que hab\u00eda publicado en redes https://t.co/YEtOzqYzxL https://t.co/2EAey8ykF9"
        },
        {
            "id": "1407108052457754632",
            "text": "\u00bfPapu G\u00f3mez titular? Los memes palpitan el posible reemplazo de Lionel Messi https://t.co/CGwocgYeTE https://t.co/gHhIbw2wkX"
        },
        {
            "id": "1407105660572123138",
            "text": "En fotos: la fiesta privada de Mau y Ricky Montaner rodeados de famosos en Miami https://t.co/KzOcLDxKtH https://t.co/Eyb16gCQcF"
        },
        {
            "id": "1407103214068043776",
            "text": "Un abogado medi\u00e1tico fren\u00f3 a los gritos la obra de Luis Brandoni por la ubicaci\u00f3n de Patricia Bullrich en la platea https://t.co/u9DwJwNwch https://t.co/T30v2uku1a"
        },
        {
            "id": "1407100764862943232",
            "text": "Carlos Ghosn: un padre y su hijo admitieron que lo ayudaron a escapar de Jap\u00f3n en una valija https://t.co/ELU8TpEOmD https://t.co/Gn4UVAbon2"
        },
        {
            "id": "1407098118257192960",
            "text": "Jorge Lanata fulmin\u00f3 a Ignacio Copani luego de su canci\u00f3n sobre Pfizer https://t.co/6g4pYAUxhF https://t.co/Nt9jxHREMR"
        },
        {
            "id": "1407095824174170119",
            "text": "La directora de Migraciones sobre Gin\u00e9s Gonz\u00e1lez Garc\u00eda en Madrid: \u201cNo es hora de viajar, est\u00e1 mal\u201d https://t.co/x6FZaAOSpX https://t.co/flfDjB7MPc"
        },
        {
            "id": "1407093510839361539",
            "text": "Alberto Samid, tras ser increpado por violar la prisi\u00f3n domiciliaria: \u201cNo es que sal\u00ed sin permiso, estaba trabajando\u201d https://t.co/ys8owQTwCf https://t.co/OJ1bzNByl6"
        },
        {
            "id": "1407090647425761284",
            "text": "Michelle Bachelet se refiri\u00f3 a las \u201ccr\u00edticas preocupaciones por los derechos humanos\u201d en Formosa https://t.co/6wJdMtMYUF https://t.co/8HCsTEZ5wW"
        },
        {
            "id": "1407087394508189700",
            "text": "RT @PodcastLANACION: #LoQueHayQueSaber Resumen de noticias de @LANACION de la tarde del 21 de junio de 2021 https://t.co/8cmuvAFOa4"
        },
        {
            "id": "1407085382404034566",
            "text": "Ranking de Netflix Argentina: las 10 series y pel\u00edculas m\u00e1s vistas este 21 de junio https://t.co/13hpzTIbh8 https://t.co/lrQ8bbqDMW"
        },
        {
            "id": "1407082210751098880",
            "text": "La extravagante forma en que Franco Armani y su esposa anunciaron el sexo de su beb\u00e9 https://t.co/zqej6MiAEJ https://t.co/E9XAlQGo2L"
        },
        {
            "id": "1407078760214630400",
            "text": "Los actores de Friends se sumaron al Carpool Karaoke de James Corden y cantaron un especial tema https://t.co/jIpqb35Noz https://t.co/wLphf64mjp"
        },
        {
            "id": "1407075272231374853",
            "text": "Estefan\u00eda Pasquini relat\u00f3 su dura lucha para quedar embarazada: \u201cEra casi un imposible\u201d https://t.co/1zqXYC5ktJ https://t.co/3SRbHcoChh"
        },
        {
            "id": "1407072206820196352",
            "text": "\u00bfCarbofobia? Qu\u00e9 dicen los expertos en nutrici\u00f3n sobre los bloqueadores de hidratos de carbono https://t.co/tQlvaRw6Of https://t.co/hhjhpmWkbx"
        },
        {
            "id": "1407069448679342082",
            "text": "Mauricio Macri vs. Horacio Rodr\u00edguez Larreta: el juego de las siete diferencias para entender la interna opositora https://t.co/dMStCCu2pE https://t.co/8O8U6R5hyO"
        },
        {
            "id": "1407066199037517825",
            "text": "MasterChef Celebrity: Gast\u00f3n Dalmau llor\u00f3 sin consuelo por la partida de Cande Vetrano https://t.co/USM4Tvxtbf https://t.co/Kk6axYR2tu"
        },
        {
            "id": "1407063606559191045",
            "text": "Can\u00edbales: An\u00edbal Fern\u00e1ndez debut\u00f3 como panelista en C5N https://t.co/H6PsjVCCqR https://t.co/wNoX7HtTca"
        },
        {
            "id": "1407060812158676996",
            "text": "Coronavirus: tras las declaraciones de Vizzotti, qu\u00e9 dicen los expertos sobre si las vacunas vencen https://t.co/UY2pPgzZJf https://t.co/7lq3WnqXiq"
        },
        {
            "id": "1407057847981064202",
            "text": "FIFAgate: descubrieron 4 millones de d\u00f3lares por supuestos sobornos y le apuntan a Eduardo Deluca https://t.co/OKsjG1UJso https://t.co/9oIX2siBbI"
        },
        {
            "id": "1407055073017016325",
            "text": "Carla Vizzotti: \u201cNinguna dosis de ninguna vacuna vence\u201d https://t.co/HNKuTumNJd https://t.co/78nRLkE8KX"
        },
        {
            "id": "1407051710963539971",
            "text": "Un estudio argentino asegura que la ivermectina sirve para combatir el coronavirus https://t.co/3c8tu2nswH https://t.co/WzxTo2EZAE"
        },
        {
            "id": "1407048789597229061",
            "text": "Carlos Baute se reconcilia con su hijo despu\u00e9s de 12 a\u00f1os de batalla legal https://t.co/s3of0zYH4s https://t.co/9tEAx2FbrJ"
        },
        {
            "id": "1407045840594681861",
            "text": "El tr\u00e1gico final del crucero Princess of the Stars: 814 muertos y cuerpos encontrados dos a\u00f1os despu\u00e9s https://t.co/QKTaE7h1ik https://t.co/7pqi6cSYwC"
        },
        {
            "id": "1407043047842533383",
            "text": "La pol\u00e9mica declaraci\u00f3n de More Rial sobre los futbolistas: \u201cEst\u00e1n siempre a la pesca\u201d https://t.co/9j6yYsvN4d https://t.co/tvsCnQCsaO"
        },
        {
            "id": "1407040242415194114",
            "text": "La vida secreta de la estrella ol\u00edmpica que le cost\u00f3 su carrera y su matrimonio https://t.co/takrdVfI93 https://t.co/nQ1zCbEkBU"
        },
        {
            "id": "1407037510811885580",
            "text": "Luciana Salazar habl\u00f3 del departamento por el que paga US$ 9.000 de alquiler y $180.000 de expensas https://t.co/H3W76AyUXa https://t.co/71EmD3StxS"
        },
        {
            "id": "1407034555119411212",
            "text": "Pasado oscuro: \u201cDescubr\u00ed que mi abuelo era un asesino mientras escrib\u00eda su biograf\u00eda\u201d https://t.co/DriQ0epJob https://t.co/o8cpvKgwLc"
        },
        {
            "id": "1407032079582470146",
            "text": "El misterioso \u201cpozo del infierno\u201d que fascina a los ge\u00f3logos https://t.co/IhgMgG9l7G https://t.co/j7hL2Rjz9g"
        },
        {
            "id": "1407028677276323845",
            "text": "\u201cDescubr\u00ed que mi abuelo era un asesino mientras escrib\u00eda su biograf\u00eda\u201d https://t.co/uQ7ulaZBtA https://t.co/z2A5nL57zr"
        },
        {
            "id": "1407026144822583297",
            "text": "Los impuestos que afectan a los productores de carne https://t.co/qCX9LwiBm9 https://t.co/bPH3qRc2nQ"
        },
        {
            "id": "1407022904697630721",
            "text": "La Argentina y M\u00e9xico llamaron a sus embajadores en Nicaragua en un gesto contra el gobierno de Daniel Ortega https://t.co/7M5LQqRog5 https://t.co/7iRg6gg3Qy"
        },
        {
            "id": "1407019887076184068",
            "text": "La C\u00e1mara Federal revisa 38 procesamientos y analiza la labor del juez Federico Villena https://t.co/rLURNKscJh https://t.co/fuGJe5mlMX"
        },
        {
            "id": "1407016734419206151",
            "text": "El creador de la Sputnik V afirma que \u201cprotege contra todas las variantes\u201d, incluida la delta https://t.co/XBULH8KlGV https://t.co/V5XydlNkvD"
        },
        {
            "id": "1407013592759681026",
            "text": "Joaqu\u00edn Furriel y Maite Lanata adelantan detalles de El jard\u00edn de bronce 3 https://t.co/utStPFrqbY https://t.co/Q9IYsg1VT9"
        },
        {
            "id": "1407010401573867528",
            "text": "Luis Su\u00e1rez y cuatro supuestos c\u00f3mplices van a juicio por copiarse en un examen de idioma https://t.co/VTNs8124yi https://t.co/wWGOPLTj8q"
        },
        {
            "id": "1407006971585257478",
            "text": "Sin perspectivas, casi la mitad de los j\u00f3venes quieren irse de Brasil https://t.co/YCr03JmJ7E https://t.co/Ttsfe9Fy7S"
        },
        {
            "id": "1407003548471246849",
            "text": "El argentino que construy\u00f3 una marca en Espa\u00f1a y viste a la reina Letizia https://t.co/h6DXxvrwmO https://t.co/yqbQtFOmtQ"
        },
        {
            "id": "1406999625677127689",
            "text": "MasterChef Celebrity: Dami\u00e1n Betular se quebr\u00f3 tras la eliminaci\u00f3n de Cande Vetrano https://t.co/Gl9wGipc2b https://t.co/TqoDusHkK1"
        },
        {
            "id": "1406996096782589952",
            "text": "Operaci\u00f3n Barbarroja: el d\u00eda en que Hitler perdi\u00f3 la Segunda Guerra Mundial https://t.co/Vsd45P7yqQ"
        },
        {
            "id": "1406982225187463171",
            "text": "Alessandro Nesta y la pesadilla que vivi\u00f3 cuando se enfrent\u00f3 a Lionel Messi en la Champions League https://t.co/QkLmKVC3Yj https://t.co/27TtqnNY6P"
        },
        {
            "id": "1406979604544430092",
            "text": "Argentina - Paraguay, en vivo: c\u00f3mo ver online el tercer partido de la selecci\u00f3n https://t.co/VO4M6byTjx https://t.co/fZfC3YQtpx"
        },
        {
            "id": "1406976962036473863",
            "text": "Coronavirus: Israel incluy\u00f3 a la Argentina en su listado de pa\u00edses con \u201cmayor riesgo\u201d los contagios https://t.co/6eUFOAlC6m https://t.co/WBjS9HtkDd"
        },
        {
            "id": "1406974208597532672",
            "text": "Un buque de la Armada est\u00e1 varado hace diez a\u00f1os en Puerto Belgrano por una deuda con una empresa brit\u00e1nica https://t.co/Gf2Z5iPvmj https://t.co/FbZlyKwOJQ"
        },
        {
            "id": "1406971532912566273",
            "text": "En la danza de nombres del Frente de Todos cuenta con ventaja una candidatura femenina https://t.co/0sdbWcrULA https://t.co/wiB7b8RFVo"
        },
        {
            "id": "1406968172062949382",
            "text": "\u00bfCu\u00e1ndo es el pr\u00f3ximo feriado de 2021? https://t.co/9fHiRgpxaF https://t.co/7CzpQGTrqr"
        },
        {
            "id": "1406964977781678082",
            "text": "Noche de terror en Berisso: un pitbull mat\u00f3 a otro perro, caus\u00f3 destrozos en una casa y fue baleado por la polic\u00eda https://t.co/jAAGgxMUr3 https://t.co/FA81AuZpw6"
        },
        {
            "id": "1406959903151886343",
            "text": "Matthew McConaughey y el haka: el motivo de una aparici\u00f3n asombrosa en la MLS https://t.co/IBHZBs21Jh https://t.co/FRA0TsPz0M"
        },
        {
            "id": "1406957268692840455",
            "text": "Usain Bolt y una revelaci\u00f3n que sorprendi\u00f3 a todos en el D\u00eda del Padre: tuvo mellizos https://t.co/NyaolfVDrG https://t.co/DxBdZzXqxl"
        },
        {
            "id": "1406953749298528262",
            "text": "Nicolasito, el hijo de Maduro, asegur\u00f3 que el chavismo cometi\u00f3 errores y habl\u00f3 de expropiaciones injustas https://t.co/CJqycs30Ax https://t.co/uoiKPO74hD"
        },
        {
            "id": "1406950120420163586",
            "text": "La agenda de TV de la Copa Am\u00e9rica y la Eurocopa: la Argentina juega ante Paraguay, y B\u00e9lgica y Pa\u00edses bajos buscan terminar primeros en sus grupos https://t.co/3FprAgbY2o https://t.co/Zl3EJKAW5g"
        },
        {
            "id": "1406946176298016773",
            "text": "Propiedad privada: desde los palacios de la antigua Roma hasta los bald\u00edos del municipio de Avellaneda https://t.co/qCE7DJnnzv https://t.co/22PGQNlWnL"
        },
        {
            "id": "1406943545102057474",
            "text": "RT @PodcastLANACION: Resumen de noticias de @LANACION de la ma\u00f1ana del 21 de junio de 2021 #LoQueHayQueSaber https://t.co/rFKUvxq6OR"
        },
        {
            "id": "1406941026573500423",
            "text": "Kicillof eval\u00faa el retorno de la presencialidad en Mar del Plata y otros distritos del interior https://t.co/wf8OrEkbLj https://t.co/CaZQthQIxp"
        },
        {
            "id": "1406937475415789568",
            "text": "Juan Gonz\u00e1lez, el hiperactivo asesor de Biden al que se aferra el Gobierno https://t.co/FXkNI1DzlK https://t.co/WYsAVLiIDq"
        },
        {
            "id": "1406934117934063624",
            "text": "Euro hoy en Argentina: a cu\u00e1nto cotiza el lunes 21 de junio https://t.co/SMYTljr1ZM https://t.co/4rJr9h2a4y"
        },
        {
            "id": "1406929580036874242",
            "text": "Recomendado: cinco producciones para celebrar el Mes del Orgullo LGBTIQA+ https://t.co/CkyeqqM1Do https://t.co/RzIlXldJnv"
        },
        {
            "id": "1406924141454934016",
            "text": "El Congreso lleva doce a\u00f1os sin ocupar un cargo institucional clave https://t.co/ZRbHsXQQXP https://t.co/rBV7IYEggz"
        },
        {
            "id": "1406917407332044802",
            "text": "D\u00f3lar blue hoy: a cu\u00e1nto cotiza el lunes 21 de junio https://t.co/YRv6Y6hLd9 https://t.co/CGPoHq2Rzy"
        },
        {
            "id": "1406913826788982784",
            "text": "Coronavirus: llegar\u00e1n hoy al pa\u00eds 1.134.000 dosis de la vacuna AstraZeneca https://t.co/sdOzVGdzR8 https://t.co/T8cqxMukjG"
        },
        {
            "id": "1406910877186629635",
            "text": "MasterChef Celebrity: Candela Vetrano fue la nueva eliminada https://t.co/HU5KpdBVgM https://t.co/cifOIyysyd"
        },
        {
            "id": "1406907749498302464",
            "text": "Estudiantes de todo el pa\u00eds programan sus luchadores virtuales para la Roboliga https://t.co/FVAUHXTgi0 https://t.co/ZDdp5PXWQe"
        },
        {
            "id": "1406904597919240194",
            "text": "El rating de la TV: cerca de la final, as\u00ed midi\u00f3 MasterChef Celebrity https://t.co/wFA5WylI0s https://t.co/wdNmheIYdg"
        },
        {
            "id": "1406901895843692545",
            "text": "Coronavirus: cu\u00e1ndo estar\u00e1 vacunada toda la poblaci\u00f3n mayor de 18 a\u00f1os en la provincia, seg\u00fan Daniel Goll\u00e1n https://t.co/JAdVcuZ6ON https://t.co/WZNrxS9GdJ"
        },
        {
            "id": "1406890474124742661",
            "text": "Nada est\u00e1 decidido todav\u00eda en las elecciones de Per\u00fa https://t.co/HSDbsZ6KC0 https://t.co/TBUCIXZICq"
        },
        {
            "id": "1406876768821202945",
            "text": "Antonio Tarrag\u00f3 Ros: \u201cMar\u00eda va es una canci\u00f3n chiquitita porque cuando la escrib\u00ed no quise despertar a nadie\u201d https://t.co/rjvQhYUh0j https://t.co/TBzenItdwv"
        },
        {
            "id": "1406863077409280002",
            "text": "Control de los fiscales, propiedad privada y pago de impuestos https://t.co/m2PHJi5ccl https://t.co/LiLFjIgC7B"
        },
        {
            "id": "1406851839052689410",
            "text": "Mario Grinman: \u201dEl mayor problema que tenemos es la actual situaci\u00f3n de anarqu\u00eda\u201d https://t.co/KBYsUWLcCP https://t.co/URfxMwc1I5"
        },
        {
            "id": "1406839319759929348",
            "text": "Un arranque electoral con tono dram\u00e1tico: la gloria o Devoto https://t.co/SnLbIjpJmV https://t.co/3c0NrGL1s6"
        },
        {
            "id": "1406828114026586114",
            "text": "Los trabajadores remotos trabajan m\u00e1s horas, no m\u00e1s eficientemente https://t.co/RMM0vUhhHn https://t.co/wZ012OGFzN"
        },
        {
            "id": "1406825365612515329",
            "text": "Una sociedad que vive implosiones silenciosas https://t.co/Vq6LSjcuqp https://t.co/lN88pLyKWl"
        },
        {
            "id": "1406823156132847620",
            "text": "Copa Am\u00e9rica. Lionel Messi, la selecci\u00f3n y la dimensi\u00f3n extraordinaria: el r\u00e9cord que no podr\u00e1n quitarle por d\u00e9cadas https://t.co/yo1Z2nwtrW https://t.co/ofNVGkXfUE"
        },
        {
            "id": "1406820658001104897",
            "text": "Las puertitas del se\u00f1or Fern\u00e1ndez https://t.co/X1jPGe72xq https://t.co/MGbPY6VSZQ"
        },
        {
            "id": "1406818182959149060",
            "text": "David Jos\u00e9 Kohon, cineasta de Buenos Aires https://t.co/gcZ05I6Cwp https://t.co/PiFPAKs7UI"
        },
        {
            "id": "1406815638463647745",
            "text": "Gas natural en firme: una buena noticia para Chile y la Argentina https://t.co/PrW3ROIN42 https://t.co/n5AaRGZVei"
        },
        {
            "id": "1406809653154091012",
            "text": "Naci\u00f3 Belisario, el hijo de Juana Repetto y Sebasti\u00e1n Graviotto https://t.co/nGiEx7Pkf2 https://t.co/gFcTycyUCL"
        },
        {
            "id": "1406809394034118657",
            "text": "River comenz\u00f3 con la pretemporada en los Estados Unidos con Javier Pinola, otro \u201crefuerzo\u201d para el segundo semestre https://t.co/xuIZjFwBDn https://t.co/x18kLjBaLG"
        },
        {
            "id": "1406809387553918976",
            "text": "La denuncia de Jorge Lanata contra Gildo Insfr\u00e1n: vuelos privados y desigualdad en Formosa https://t.co/GW88Buc6cF https://t.co/ZkPC1A5z7F"
        },
        {
            "id": "1406802110398840835",
            "text": "Lanata. Jorge Ferraresi, que impuls\u00f3 la expropiaci\u00f3n de bald\u00edos en Avellaneda, tiene un terreno en desuso https://t.co/SLhZBFxPGU https://t.co/I0p8aZmwSC"
        },
        {
            "id": "1406801121553915906",
            "text": "La suba de precios golpea en la cantidad y calidad de la asistencia alimentaria estatal https://t.co/shMAR0yAsC https://t.co/aokU8BOJq8"
        },
        {
            "id": "1406800346677223428",
            "text": "D\u00eda del padre: las historias detr\u00e1s del doodle por la celebraci\u00f3n https://t.co/LyH1H5zEXi https://t.co/IXswqvI9Dy"
        },
        {
            "id": "1406799842534436870",
            "text": "Chequeado: qu\u00e9 dijo Eduardo De Pedro sobre la deuda con el FMI https://t.co/Q3Bz6yauCT https://t.co/hvW4TvUzMd"
        },
        {
            "id": "1406799356032868357",
            "text": "Rumbo a Wimbledon: Matteo Berrettini y Ugo Humbert, los campeones de la semana sobre c\u00e9sped https://t.co/rXJf9XsSXt https://t.co/InnyKqeCJt"
        },
        {
            "id": "1406798602538737665",
            "text": "Vacunaci\u00f3n Covid 19 en el mundo: cu\u00e1ntas dosis se aplicaron al 20 de Junio https://t.co/sb33uRFqU6 https://t.co/TWchobQGKY"
        },
        {
            "id": "1406797795252740100",
            "text": "Los Juegos Ol\u00edmpicos avanzan: Jap\u00f3n present\u00f3 la \u201ccl\u00ednica de la fiebre\u201d y el kit anticovid de la Villa Ol\u00edmpica https://t.co/OV22jGEoRt https://t.co/3Zi0ajOFTM"
        },
        {
            "id": "1406797293228072964",
            "text": "Jon Rahm: el toro furioso que se llev\u00f3 el US Open de arremetida y vivi\u00f3 su mayor d\u00eda de gloria https://t.co/QCWGIojQ1Y https://t.co/qTh9Ry850p"
        },
        {
            "id": "1406796555517153288",
            "text": "Los grandes proyectos en Santa Cruz, marcados por marchas y contramarchas https://t.co/tNBQRZHNjv https://t.co/F2C1oDrq5C"
        },
        {
            "id": "1406795795727323142",
            "text": "Mercados atentos a la calificaci\u00f3n del pa\u00eds y recalculando la inflaci\u00f3n estimada https://t.co/mCx7X9yKjD https://t.co/EotY1jAi2Y"
        },
        {
            "id": "1406795055868878851",
            "text": "Uruguay - Chile: horario, TV y formaciones del partido de la Copa Am\u00e9rica https://t.co/Or44ZCpXz1 https://t.co/ubyDqdb26y"
        },
        {
            "id": "1406794063429476361",
            "text": "Estudiantes define las altas y bajas con Zielinski, mientras el DT le da forma y nombres al equipo bajo el esquema 4-4-2 https://t.co/aJm8EBMHgh https://t.co/izBbEV4b3x"
        },
        {
            "id": "1406793310967062529",
            "text": "\u00bfA qu\u00e9 llamamos equipo econ\u00f3mico aqu\u00ed y ahora? https://t.co/Aq7cAEv2bl https://t.co/YmSxSH7e3c"
        },
        {
            "id": "1406792572039839746",
            "text": "Gracias al poder de las reproducciones, YouTube ya no es el villano de la m\u00fasica https://t.co/dvq5ydeFnx https://t.co/fvy2e97V6C"
        },
        {
            "id": "1406791578283384835",
            "text": "Tras la cumbre en Ginebra, Estados Unidos prepara nuevas sanciones contra Rusia por el caso Navalny https://t.co/LSNLR72erD https://t.co/E20ZO6q7aw"
        },
        {
            "id": "1406790833676996610",
            "text": "Ignacio Malcorra, refuerzo de Lan\u00fas: un mediocampista zurdo y con buena pegada para el juego de Luis Zubeld\u00eda https://t.co/qgus83HfKi https://t.co/Y8YDBM3O2v"
        },
        {
            "id": "1406789854902591489",
            "text": "Las Pumas cayeron ante Hong Kong y se termin\u00f3 el sue\u00f1o de los Juegos Ol\u00edmpicos https://t.co/AdnSg0LfHo https://t.co/XUUDzTwohn"
        },
        {
            "id": "1406788858390487044",
            "text": "Turismo Carretera. Juli\u00e1n Santero festej\u00f3 en el mano a mano con Mariano Werner https://t.co/uycieqP9Oi https://t.co/wZtH9vR2WE"
        },
        {
            "id": "1406787860640980993",
            "text": "Coronavirus: Cuba anunci\u00f3 que su vacuna Soberana 02 alcanz\u00f3 una eficacia de 62% https://t.co/kaDNjJYpN5 https://t.co/zkgWwnegd8"
        },
        {
            "id": "1406786633781895174",
            "text": "Las ART tambi\u00e9n temen por la posible estatizaci\u00f3n de la salud privada https://t.co/S4a1AGqk8s https://t.co/shFcpbrvMG"
        },
        {
            "id": "1406785606122881027",
            "text": "El emotivo recuerdo de Horacio Rodr\u00edguez Larreta en el D\u00eda del Padre https://t.co/6GjlSxfEPt https://t.co/9DFVuSA5ya"
        },
        {
            "id": "1406784629227593733",
            "text": "Presi\u00f3n tributaria. IVA e Ingresos Brutos compiten y los dos recaudan mal https://t.co/uFUwEBaspd https://t.co/UE2Q6hQJj4"
        }
    ],
    "meta": {
        "newest_id": "1407110549096239109",
        "next_token": "b26v89c19zqg8o3fpdg9g6dicd9kgffbrd48r9iojpzlp",
        "oldest_id": "1406784629227593733",
        "result_count": 100
    }
}