{
    "data": [
        {
            "id": "1407110786774966274",
            "text": "| Acredit\u00f3 la \"falta de pruebas\" https://t.co/hFbRcTF3o8"
        },
        {
            "id": "1407108550208393218",
            "text": "| Ataca con mayor eficacia a las personas con alguna patolog\u00eda https://t.co/hhKdgUuvXC"
        },
        {
            "id": "1407106406206038016",
            "text": "\"Quienes incumplen la cuarentena ponen a toda la sociedad en un gran problema\", afirm\u00f3 Florencia Carignano. https://t.co/K4lFeRD87p"
        },
        {
            "id": "1407104277584257028",
            "text": "| Peligro de Wolf https://t.co/PEJjOzYOC6"
        },
        {
            "id": "1407102116955570182",
            "text": "Yo era un lector de las contratapas de Juan Forn. Alg\u00fan amigo, algunas de las personas con las que trabajo tambi\u00e9n las le\u00edan y circulaban entre los lectores. Al enterarse de la notica, uno de ellos me escribi\u00f3: \u201cera un escritor indispensable\u201d.Yo recuer... https://t.co/qNnwBZOVjJ"
        },
        {
            "id": "1407099669772214272",
            "text": "| Volvi\u00f3 a ser internado en terapia intensiva https://t.co/rzIQeUQR4r"
        },
        {
            "id": "1407097621592805380",
            "text": "Gran Breta\u00f1a adora sus instituciones y entre ellas aparecen los policiales protagonizados por detectives mujeres. Vera, una bisectriz entre Prime Suspect y Happy Valley, lo deja claro desde el nombre. El encanto de la ficci\u00f3n pasa ... https://t.co/VydB0lkTJr"
        },
        {
            "id": "1407095249315504130",
            "text": "La abrupta ca\u00edda de la demanda de oficinas abre la posibilidad de construir viviendas y combatir el d\u00e9ficit habitacional, seg\u00fan un proyecto del FdT. https://t.co/InZCkEVAX3"
        },
        {
            "id": "1407092726856925184",
            "text": "\u201cEscribir un mail\u201d, dice la consigna del ejercicio de un taller de escritura. \u201cEscribir un mail que no enviar\u00edan\u201d.Est\u00e1 sentada en la cocina de su casa, toma mate y prepara unas tostadas mientras mira por la ven... https://t.co/AAo4iVFpG5"
        },
        {
            "id": "1407090081828118536",
            "text": "Solo una vez tuve la enorme fortuna de que Juan Forn me editara una nota. Ning\u00fan texto period\u00edstico es perfecto, todos son mejorables; aunque uno... https://t.co/ypziMdcNyQ"
        },
        {
            "id": "1407087558161469444",
            "text": "Disciplinas como procuraci\u00f3n, criminolog\u00eda, ingenier\u00eda, derecho y econom\u00eda tienen los mejores salarios. Arqueolog\u00eda, f\u00edsica, nutrici\u00f3n y psicolog\u00eda figuran en el otro extremo. https://t.co/UwCU5Gqdra"
        },
        {
            "id": "1407085367799468032",
            "text": "Las historiadoras D\u00e9bora D'antonio y Karin Gramm\u00e1tico reconstruyen el hilo com\u00fan entre experiencias tan dis\u00edmiles como la resistencia peronista, la guerrilla guatemalteca o la Revoluci\u00f3n Rusa. https://t.co/vgf5n8wqPR"
        },
        {
            "id": "1407082705750220806",
            "text": "Ayudada por vecinos y amigos de Merlo, la deportista, que trabaja de recepcionista y estudia kinesiolog\u00eda, consigue los medios para competir en el exterior. https://t.co/TiI62HmyQ7"
        },
        {
            "id": "1407079764255461378",
            "text": "Como los dem\u00e1s arrestos del mes, el de Mora se realiz\u00f3 en virtud de una ley de seguridad que el gobierno de Daniel Ortega aplica a opositores y que ha sido duramente criticada. https://t.co/x7hUz8FBZm"
        },
        {
            "id": "1407077775526313991",
            "text": "| Segunda ola https://t.co/rxZgBTJ8W0"
        },
        {
            "id": "1407075268003610635",
            "text": "| Nancy Forlini declar\u00f3 en la Fiscal\u00eda General de San Isidro https://t.co/PCFqe6p9bJ"
        },
        {
            "id": "1407072675080593413",
            "text": "La decisi\u00f3n entra en vigor en plena crisis econ\u00f3mica en la isla, con serios problemas de escasez de productos b\u00e1sicos y donde la moneda local sufri\u00f3 una fuerte devaluaci\u00f3n en los \u00faltimos meses. https://t.co/WrbOf9QhlM"
        },
        {
            "id": "1407070235090460676",
            "text": "\"Fuiste un soldado fiel a un sistema pol\u00edtico, cultural, opresor que te quit\u00f3 una de las experiencias m\u00e1s maravillosos de la vida: la posibilidad de cuidar, proteger y contener lo m\u00e1s preciado para cualquier padre, un hijx\" | Por Flor de la V https://t.co/vzQ6ZFxJhq"
        },
        {
            "id": "1407067956023017473",
            "text": "| Tiene Parkinson y se recuperaba de un ACV https://t.co/QOOyUfamaL"
        },
        {
            "id": "1407065637642461189",
            "text": "El derrotero de un cineasta frustrado por conseguir un bot\u00edn escondido a principios del siglo XX en el sur argentino es la historia que mueve la trama de Forajidos de la Patagonia, el disparatado film en clave de western de Dami\u00e1n Leibovich. La ... https://t.co/9hPNUqDJ1m"
        },
        {
            "id": "1407063352623480833",
            "text": "UNA BUENA NOTICIA \ud83d\udc89\ud83d\udc4f\nEl director del Instituto Gamaleya, Alexander Gintsburg, asegur\u00f3 que la vacuna Sputnik V protege contra \"todas las variantes conocidas\" de coronavirus, incluida la variaci\u00f3n Delta, que es mucho m\u00e1s contagiosa que las otras. [https://t.co/JUPUGyq1Mo] https://t.co/uYV9M8bv7R"
        },
        {
            "id": "1407060815522504705",
            "text": "Es un cr\u00e1ter gigante formado hace millones de a\u00f1os en el desierto. Tiene 30 metros de ancho y una profundidad de entre 100 y 250 metros. Seg\u00fan el folclore local, fue creado como prisi\u00f3n de los demonios. https://t.co/nEyyXA4qfV"
        },
        {
            "id": "1407058328577052682",
            "text": "Carla Vizzotti respondi\u00f3 a las tergiversaciones y fake news respecto del per\u00edodo entre la primera y segunda dosis de las vacunas contra el coronavirus. https://t.co/g3jNqta0JC"
        },
        {
            "id": "1407056240161832962",
            "text": "En su remera se le\u00eda \u201cEl miedo es una reacci\u00f3n. El valor, una decisi\u00f3n\u201d. Esto fue lo que explic\u00f3 luego de que su foto se volviera viral \ud83d\udc47 https://t.co/NP40BFWJLx"
        },
        {
            "id": "1407053371446640648",
            "text": "FRUSTRADO COMPLOT CONTRA LUIS ARCE\nGolpistas bolivianos  planearon una operaci\u00f3n encubierta para evitar que el MAS accediera al gobierno en octubre de 2020. Quedaron al descubierto por una investigaci\u00f3n que public\u00f3 el sitio The Intercept. [https://t.co/MtK66mLV6V] https://t.co/sdN6nY6vXO"
        },
        {
            "id": "1407050788636180484",
            "text": "EL HUMOR DE PAZ - RUDY [https://t.co/kh1wxP3aKT] https://t.co/ymB8F8FOJd"
        },
        {
            "id": "1407048551067275264",
            "text": "\"UN CURSO CATASTR\u00d3FICO EN LA INDUSTRIA DE LA M\u00daSICA\"\nLo que podr\u00eda haber sido un sue\u00f1o cumplido se convirti\u00f3 en una pesadilla a causa del hostigamiento que Sheryl Crow sufri\u00f3 por parte de Frank DiLeo, manager del Rey del Pop. [https://t.co/FlUHnwSsWK] https://t.co/QzXpekl1hR"
        },
        {
            "id": "1407045825927200770",
            "text": "\"LOS SALARIOS VAN A EMPEZAR A CRECER\"\nSantiago Cafiero habl\u00f3 de c\u00f3mo reenamorar a los votantes no politizados que tienen problemas econ\u00f3micos y del combate contra la inflaci\u00f3n. [https://t.co/tNCHwj09Mt] https://t.co/HfMSQMRLl1"
        },
        {
            "id": "1407043293041602569",
            "text": "Dijo que tem\u00eda que el animal atacara a su familia. https://t.co/InmzVIG1Pt"
        },
        {
            "id": "1407041218584924160",
            "text": "| Pidi\u00f3 extremar los cuidados https://t.co/ZaAKLYHOU2"
        },
        {
            "id": "1407039173236772864",
            "text": "ARGENTINA AVANZA EN LA LUCHA CONTRA LA PANDEMIA \ud83d\udcaa\ud83d\udc89\nDaniel Gollan estim\u00f3 que se podr\u00e1 pensar \"en una primavera y un verano bien diferentes a los que tuvimos el a\u00f1o pasado\u201d. [https://t.co/FqaQfK1NnT] https://t.co/HNQWMQaOr0"
        },
        {
            "id": "1407036498944344064",
            "text": "| Se desplom\u00f3 a 32.309 d\u00f3lares; en abril hab\u00eda llegado a 65.000 https://t.co/oZq7Kccrsu"
        },
        {
            "id": "1407033807631486982",
            "text": "El escritor reflexion\u00f3 sobre el proceso creativo de sus contratapas, la pandemia y las figuras que est\u00e1n rearmando la escena art\u00edstica local. Mira la charla completa \ud83d\udc47 https://t.co/jEacFA1jOk"
        },
        {
            "id": "1407031496934932483",
            "text": "En la onceava edici\u00f3n del CIE se incluir\u00e1 con el c\u00f3digo MG2A a la vejez en la secci\u00f3n de s\u00edntomas generales.El CIE es la Clasificaci\u00f3n Internacional de Enfermedades, editado por la Organizaci\u00f3n Mundial de la Salud quien determina la codificaci\u00f3n en n\u00fam... https://t.co/ruDBF7VH0h"
        },
        {
            "id": "1407028676617777158",
            "text": "| Un tiempo no lineal de instantes eternos https://t.co/SJB84QsdWB"
        },
        {
            "id": "1407025786692018180",
            "text": "La Conmebol expres\u00f3 que \"seguir\u00e1 trabajando por un f\u00fatbol libre de discriminaci\u00f3n, violencia y acoso\". https://t.co/qTuFX1ll7h"
        },
        {
            "id": "1407023213612310535",
            "text": "La decisi\u00f3n desmiente la campa\u00f1a medi\u00e1tica sobre un presunto aval a las detenciones de opositores. https://t.co/E41vhG8u91"
        },
        {
            "id": "1407020140424794116",
            "text": "Argentina avanza en la lucha contra la pandemia \ud83d\udcaa\ud83d\udc89 https://t.co/2MLD7I98st"
        },
        {
            "id": "1407017586106290176",
            "text": "\"VAN A TENER QUE RESPONDER ANTE LA JUSTICIA\"\nFlorencia Carignano denunci\u00f3 que el 38% de las personas que ingresan al pa\u00eds no cumple con el aislamiento obligatorio y anticip\u00f3 que este martes se presentar\u00e1n 287 denuncias penales. [https://t.co/oqrk2BO9lx] https://t.co/q0eGblw9a1"
        },
        {
            "id": "1407014657412452358",
            "text": "\"Sacamos de la c\u00e1rcel a nueve personas, pero sumamos a millones para la convivencia\u201d, afirm\u00f3 el presidente del Gobierno espa\u00f1ol.  https://t.co/OZvuEcIcBV"
        },
        {
            "id": "1407011868091334660",
            "text": "Esto fue lo que explic\u00f3 el director del Instituto Gamaleya \ud83d\udc47 https://t.co/aXqEcP7Yvq"
        },
        {
            "id": "1407008771394658317",
            "text": "\"Ella les marca la cancha. Los desespera. Los transforma en caricaturas de s\u00ed mismos. No saben encontrar la f\u00f3rmula para evitar la parte de que sin ella no se puede\" | Por Eduardo Aliverti https://t.co/1EcwiUKCFD"
        },
        {
            "id": "1407005492140990468",
            "text": "\"Miles de firmas reclaman no concesionar otra vez el r\u00edo, y en cambio se exige su renacionalizaci\u00f3n para que el Estado se haga cargo de todos los controles,  y para que nunca m\u00e1s este r\u00edo ni ning\u00fan otro sea 'concesionado'\" | Por Mempo Giardinelli https://t.co/L4q2HbP1lB"
        },
        {
            "id": "1407002392860704775",
            "text": "Santiago Cafiero habl\u00f3 sobre c\u00f3mo reenamorar a los votantes no politizados que tienen problemas econ\u00f3micos y del combate contra la inflaci\u00f3n. https://t.co/BDLecP6aDx https://t.co/THvRZfcylT"
        },
        {
            "id": "1406994326413103107",
            "text": "\"Para m\u00ed siempre fue uno de los inmortales, de los que est\u00e1n para los otros, para observar el mapa y el camino, para auscultar las \u00e9pocas y los panoramas, los que miran las nuevas olas porque ya son parte del mar\" | Por Claudio Zeiger https://t.co/Cq2OoWx2el"
        },
        {
            "id": "1406991601952493573",
            "text": "\"Guada tiene que estar conmigo. Que la dejen en alg\u00fan lugar p\u00fablico, pero quiero a mi hija conmigo\", pidi\u00f3 su mam\u00e1.  https://t.co/3WjYb5yXVU"
        },
        {
            "id": "1406988998208331785",
            "text": "Ya se detectaron tres casos en Argentina \ud83d\udea8 https://t.co/NG9LSf3Rpc"
        },
        {
            "id": "1406986782714085383",
            "text": "Esta fue la \u00faltima contratapa de Juan Forn \ud83d\udc47 https://t.co/BLV9tfRaqW"
        },
        {
            "id": "1406984703559733250",
            "text": "IMPORTANTE \u26a0\ufe0f Conoc\u00e9 c\u00f3mo identificar los s\u00edntomas de esta variante de coronavirus \ud83d\udc47 https://t.co/3LNAtdsoqd"
        },
        {
            "id": "1406983010382139398",
            "text": "Empez\u00e1 a hacer planes para el pr\u00f3ximo d\u00eda libre \ud83d\ude0e https://t.co/oa2GUuzpCF"
        },
        {
            "id": "1406981078754250758",
            "text": "GRAN NOTICIA \ud83d\udc4f\ud83c\udde6\ud83c\uddf7 El principio activo de las dosis fue fabricado en Argentina. https://t.co/bEo3RVZ75T"
        },
        {
            "id": "1406979309101891588",
            "text": "\"Siempre tuve la sensaci\u00f3n de que todo le sal\u00eda f\u00e1cil. Radar o los textos incre\u00edbles de sus contratapas. Una sensaci\u00f3n falsa, por supuesto, porque Juan laburaba duro. Muy duro.\" | Por Mart\u00edn Granovsky https://t.co/aJztTcxqJl"
        },
        {
            "id": "1406975896477700096",
            "text": "INDUSTRIA NACIONAL \ud83c\udde6\ud83c\uddf7\ud83d\udcaa\nLlegaron m\u00e1s de un mill\u00f3n de vacunas AstraZeneca. Son dosis cuyo principio activo se fabric\u00f3 en la Argentina. Con la llegada de este lote, el pa\u00eds ya recibi\u00f3 21.806.145 vacunas contra el coronavirus. [https://t.co/neoNjgDPvV] https://t.co/LcAs20oP0s"
        },
        {
            "id": "1406974210019401732",
            "text": "| Nancy Edith Forlini fue citada a indagatoria a las 11 en la Fiscal\u00eda General de San Isidro https://t.co/zZlLjk9KsF"
        },
        {
            "id": "1406971530769317903",
            "text": "\"Yo lo que quiero que cuando terminemos de leer las contratapa, digamos, 'qu\u00e9 bueno'\u201d, hab\u00eda expresado. \u00bfCu\u00e1l de sus columnas record\u00e1s? https://t.co/HaJL5N1eFY"
        },
        {
            "id": "1406967865589313544",
            "text": "MARIANA ENRIQUEZ DESPIDE A JUAN FORN\nDesde el d\u00eda que Mariana Enr\u00edquez entr\u00f3 por primera vez al despacho de Juan Forn, quedaron \"unidos para siempre\". \"Juan estar\u00e1 en mi galer\u00eda de fantasmas personales y cercanos\", asegura la escritora. [https://t.co/fjkIZBM6xk] https://t.co/SEKmmOjUHa"
        },
        {
            "id": "1406965230811373576",
            "text": "La serie sobre una empleada dom\u00e9stica convertida en cleaner del hampa expone diferencias de clase y violencia social. https://t.co/b1CMgV7DGH"
        },
        {
            "id": "1406962651129913345",
            "text": "Conoc\u00e9 qui\u00e9nes podr\u00e1n concurrir \ud83d\ude37\ud83d\udc47 https://t.co/UgBhey7GYi"
        },
        {
            "id": "1406960545115279362",
            "text": "AS\u00cd EXPLICABA JUAN FORN C\u00d3MO ESCRIB\u00cdA SUS CONTRATAPAS\n\"Yo lo que quiero que cuando terminemos de leer las contratapa, digamos, 'qu\u00e9 bueno'\u201d, hab\u00eda expresado. En cada una de sus columnas, Forn cumpli\u00f3 ese objetivo con creces. [https://t.co/Op1AmXdWCX] https://t.co/LiUdbE3eIu"
        },
        {
            "id": "1406958625348853772",
            "text": "| El equipo de Ricardo Gareca logr\u00f3 su primer triunfo en la Copa Am\u00e9rica https://t.co/IjzrdTh8Wg"
        },
        {
            "id": "1406956653451386883",
            "text": "Desde el d\u00eda que Mariana Enr\u00edquez entr\u00f3 por primera vez al despacho de Juan Forn en Editorial Planeta, quedaron \"unidos para siempre\". As\u00ed lo despidi\u00f3 la escritora \ud83d\udc47 https://t.co/XEfZ1ZBa8P"
        },
        {
            "id": "1406952884865048581",
            "text": "\"El agujero negro de las contratapas har\u00e1 que tu ausencia sea m\u00e1s dolorosa, m\u00e1s inexplicable a\u00fan. Vamos a extra\u00f1ar mucho esos fueguitos con que iluminabas nuestras vidas\" | Por Silvina Freira https://t.co/QFshF14zr5"
        },
        {
            "id": "1406950886182641672",
            "text": "| Gisela Marziotta habl\u00f3 sobre la equidad de g\u00e9nero en medios de comunicaci\u00f3n https://t.co/I2p04KZpHh"
        },
        {
            "id": "1406949056836931584",
            "text": "\"No tenemos consuelo\", lament\u00f3 un familiar. https://t.co/CTYcsuphY8"
        },
        {
            "id": "1406947721131532293",
            "text": "La nueva edici\u00f3n presenta cuentos de reconocidos deportistas como Javier Mascherano, Guillermo Vilas, Lucha Aymar, Sebasti\u00e1n Crismanich, Paula Pareto, Hugo Conte, entre otrxs. https://t.co/7D8KBo9m4P"
        },
        {
            "id": "1406945235863674885",
            "text": "\"LOS VIERNES VAN A DEJAR DE LLAMARSE VIERNES\"\nLa literatura argentina est\u00e1 de luto por la muerte de Juan Forn. \"Te fuiste, Juan, hermanito del alma. Los viernes van a dejar de llamarse viernes, Forn. Qu\u00e9 dolor\", escribi\u00f3 Miguel Rep. [https://t.co/IOzbBUqlg7] https://t.co/yyR1zVcZ9F"
        },
        {
            "id": "1406941327896449031",
            "text": "Hab\u00edan contratado a mercenarios estadounidenses para evitar que el MAS llegara al poder. https://t.co/Rr7wC7yITy"
        },
        {
            "id": "1406937758678069252",
            "text": "\"Los viernes van a dejar de llamarse viernes\", escribi\u00f3 Miguel Rep \ud83d\udda4 https://t.co/sXQVDBtsdD"
        },
        {
            "id": "1406935693599940611",
            "text": "Este lunes feriado se espera neblina por la ma\u00f1ana y un cielo nublado para el resto de la jornada, con una temperatura m\u00ednima de 5 grados y una m\u00e1xima de 14 grados en la ciudad de Buenos Aires y alrededores, se... https://t.co/g7CvWyqaSo"
        },
        {
            "id": "1406933878573568005",
            "text": "Mir\u00e1 todo lo que pas\u00f3 en Argentina y en el mundo un d\u00eda como hoy \ud83d\udc47\ud83c\udf0e https://t.co/MiBBS5wR8O"
        },
        {
            "id": "1406930092886986755",
            "text": "NADAR DE NOCHE\nEscritor, editor y periodista, creador de un g\u00e9nero que dej\u00f3 su marca en las contratapas de P\u00e1gina/12, Juan Forn muri\u00f3 a los 61 a\u00f1os y dej\u00f3 hu\u00e9rfana a buena parte de la literatura argentina. [https://t.co/sAzidhEOx4] https://t.co/nERAms9lqR"
        },
        {
            "id": "1406927376005672960",
            "text": "| La escritora recuerda a su editor https://t.co/Eog9ys1oDg"
        },
        {
            "id": "1406925128781504517",
            "text": "| Las historiadoras D\u00e9bora D'antonio y Karin Gramm\u00e1tico, sobre la acci\u00f3n de las mujeres en pol\u00edtica https://t.co/wQxotcIx60"
        },
        {
            "id": "1406920860498280448",
            "text": "El d\u00f3lar blue cerr\u00f3 su cotizaci\u00f3n en la \u00faltima jornada h\u00e1bil a $159,00 para la compra y $164,00 para la venta, que lo posicion\u00f3 67.88% por ciento arriba del d\u00f3lar oficial. La cotizaci\u00f3n de d\u00f3lar en el mercado formal rond\u00f3 los $94,71 para la compra y ... https://t.co/myg7IeBXxU"
        },
        {
            "id": "1406919025372827656",
            "text": "El oficialismo se beneficia de la mayor cantidad de recursos y de un peronismo que vuelve a salir dividido. La votaci\u00f3n se adapta a protocolos especiales. El gobernador pone la cara hasta en las boletas y avanza judicialmente contra la dirigente social ... https://t.co/UKXkKHerl3"
        },
        {
            "id": "1406916590025818117",
            "text": "El neerland\u00e9s Max Verstappen (Red Bull) super\u00f3 al brit\u00e1nico Lewis Hamilton (Mercedes) en la ante\u00faltima vuelta del Gran Premio de Francia, logr\u00f3 su tercer triunfo en la temporada y ampli\u00f3 de cuatro a 12 puntos su ventaja como l\u00edder del Mundial de... https://t.co/PHy0OzJeW4"
        },
        {
            "id": "1406914123670110211",
            "text": "* La espa\u00f1ola Maric\u00f3n perdido llegar\u00e1 a la pantalla de TNT el pr\u00f3ximo 22 de julio (tambi\u00e9n estar\u00e1 disponible en HBO Max). El relato sigue la historia de Bob Pop, una personalidad medi\u00e1tica ib\u00e9rica con buenas dosis de fantas\u00ed... https://t.co/CmgL5u9sO0"
        },
        {
            "id": "1406911423603691529",
            "text": "En el ciclo del sitio web de El Cairo, de acceso libre y gratuito, destacan El d\u00eda despu\u00e9s de Hong Sang-soo, y La acusaci\u00f3n de Chaitanya Tamhane. https://t.co/dElYlnIm9F"
        },
        {
            "id": "1406907115139211272",
            "text": "Nacido en Mississippi en 1917, el cantante y guitarrista \"invent\u00f3\" un sonido que mezclaba el blues rural sure\u00f1o con la electricidad del rhythm'n'blues. https://t.co/wTa2liq3uP"
        },
        {
            "id": "1406895340406677504",
            "text": "La situaci\u00f3n sanitaria atraves\u00f3 el homenaje a la celeste y blanca y los discursos de intendente y gobernador. El presidente tom\u00f3 la promesa a alumnos v\u00eda remota. https://t.co/1xjIG5I18z"
        },
        {
            "id": "1406883711237431296",
            "text": "Acercarse al mundo de la religi\u00f3n desde el campo acad\u00e9mico no es nada f\u00e1cil. Si se hace foco en la religiosidad popular, el desaf\u00edo es doble porque suelen aparecer algunas asociaciones que alimentan el reduccionismo en virtud de la superstici\u00f3n o la in... https://t.co/9RJpgp2YEa"
        },
        {
            "id": "1406871816891768840",
            "text": "Los relatos de su \u00faltimo libro son bellos en su forma, aunque lo que narran sea perturbador. A trav\u00e9s de diferentes narradores en primera, segunda y tercera persona, las historias que propone Unamuno son variaciones sobre la crueldad y la perversi\u00f3n, ... https://t.co/FanIPTtXFM"
        },
        {
            "id": "1406857844620734468",
            "text": "De a poco pero con intensidad, como quien no quiere la cosa porque queda feo en un escenario pand\u00e9mico, van instal\u00e1ndose los ejes de la campa\u00f1a electoral. Y para variar, hay alguien que rompe lo previsible. El cuadro b\u00e1sico, en el pa\u00eds donde tod... https://t.co/fSq8Atmw5E"
        },
        {
            "id": "1406854383309103109",
            "text": "| Muri\u00f3 Juan Forn https://t.co/zls7XCwhXb"
        },
        {
            "id": "1406848251169488896",
            "text": "El actor y humorista Kevin Hart se aleja del comediante para mostrar una faceta m\u00e1s dram\u00e1tica en la pel\u00edcula Paternidad. Este film fue dirigido por Paul Weitz, quien adapt\u00f3 junto a Dana Stevens el libro autobiogr\u00e1fico de Matthew Logelin \"Dos bes... https://t.co/YGX8fuDsLb"
        },
        {
            "id": "1406845255316643841",
            "text": "Mariano Beldyk es licenciado en Ciencia Pol\u00edtica especializado en Relaciones Internacionales (UBA) y t\u00e9cnico superior en Periodismo (TEA). En Refugiados (Ediciones B) se propuso explicar uno de los peores dramas humanitarios del siglo XXI... https://t.co/Wl1ZHeJdPi"
        },
        {
            "id": "1406839323555663873",
            "text": "| Los recordatorios de hoy https://t.co/TySl3VA5Cd"
        },
        {
            "id": "1406833099812524038",
            "text": "En las efem\u00e9rides del 21 de junio sobresalen estos hechos que ocurrieron un d\u00eda como hoy en la Argentina y el mundo: \u25cf 1932. Nace Lalo... https://t.co/kyP6Cw5Hyg"
        },
        {
            "id": "1406830600959430657",
            "text": "Vos le preguntabas algo y el tipo siempre te contestaba igual: \u201c\u00a1Es f\u00e1cil, boludo!\u201d La diferencia con otra gente es que despu\u00e9s, al segundo, Juan Forn te explicaba c\u00f3mo.\n Ya casi no uso el mail, pero and\u00e1 a saber por qu\u00e9 atavismo cuando me enter\u00e9 ... https://t.co/RiviPVw5lI"
        },
        {
            "id": "1406828115905626113",
            "text": "El primer biotecn\u00f3logo egresado de la Uiversidad Nacional de Rosario fue incorporado a la Academia Estadounidense de Microbiolog\u00eda. https://t.co/NlV6SC1G92"
        },
        {
            "id": "1406825127363420171",
            "text": "En un partido entretenido y vibrante hasta el pitazo final, Venezuela empat\u00f3 2-2 sobre la hora con Ecuador y sigue con vida en el Grupo B de la Copa Am\u00e9rica 2021. En la primera etapa, Ayrton Preciado abri\u00f3 la cuenta para los dirigidos por Gus... https://t.co/tPYiS9O3iM"
        },
        {
            "id": "1406822631022764034",
            "text": "Con vistas al duelo de este lunes ante Paraguay en Brasilia, el seleccionado argentino realiz\u00f3 un \u00faltimo entrenamiento pasadas las 16.10 de este domingo con una activaci\u00f3n optativa en el gimnasio del Centro DeFeL\u00e9, pa... https://t.co/oiL6OCBdMf"
        },
        {
            "id": "1406816703519019018",
            "text": "El desfile a\u00e9reo programado como \u00fanica actividad fuera del acto protocolar tropez\u00f3 con las condiciones clim\u00e1ticas que dificultaron su realizaci\u00f3n. En realidad el estruendo de los motores se escuch\u00f3, pero las aeronaves casi no se pudieron ver por la neb... https://t.co/vvjB2ZPDCd"
        },
        {
            "id": "1406814356009013251",
            "text": "Una ni\u00f1a que concurr\u00eda a un taller en la escuela pudo identificar que lo que le hac\u00eda su pap\u00e1 no estaba bien. Le cont\u00f3 a su mam\u00e1, quien hizo la denuncia penal que dio origen a la investigaci\u00f3n. https://t.co/FEuvidamxe"
        },
        {
            "id": "1406811385292640256",
            "text": "Bas\u00e1ndose en el libro \"Batallas a\u00e9reas\u201d, del piloto e investigador Alejandro Covello, el documental Piloto de Caza, dirigido por Nicol\u00e1s Dalmasso, se centra en el intento de golpe de Estado al gobierno de Juan Domingo Per\u00f3n, que termin\u00f3 con el bombarde... https://t.co/YlnD11v4jT"
        },
        {
            "id": "1406801119700033537",
            "text": "El plantel de River arrib\u00f3 este s\u00e1bado a Orlando, en Estados Unidos, donde se vacun\u00f3 contra el coronavirus antes de iniciar la pretemporada, donde no estar\u00e1 el delantero Lucas Beltr\u00e1n, que debi\u00f3 retornar a Buenos Aires en la escala a\u00e9rea ... https://t.co/y8ROW7oHFM"
        },
        {
            "id": "1406800341182582791",
            "text": "Y s\u00ed, acaba de sucumbir uno de los inmortales. A pesar de que hace veinte a\u00f1os su vida estuvo en serio peligro por la pancreatitis, a pesar de algunos episodios posteriores peliagudos, para m\u00ed siempre fue uno de los inmortales, de los que est\u00e1n para lo... https://t.co/ayRwy8gwmV"
        },
        {
            "id": "1406799355013746692",
            "text": "El piloto neerland\u00e9s Max Verstappen quiere coronar la clasificaci\u00f3n de los Pa\u00edses Bajos, que el jueves aseguraron su lugar en los octavos de la Eurocopa, haciendo lo suyo en el Gran Premio de Francia de F\u00f3rmula Uno, que este domingo lo... https://t.co/74j1d26FN9"
        },
        {
            "id": "1406798600911343619",
            "text": "Con dramaturgia y direcci\u00f3n de Fabi\u00e1n D\u00edaz, Moschner propone un show virtual pero en vivo, en el que engarza canciones y poes\u00edas al modo del cabaret y el caf\u00e9 concert. https://t.co/2a2lT6U6wc"
        },
        {
            "id": "1406797792731975683",
            "text": "El mes pasado, la Auditor\u00eda General de la Ciudad de Buenos Aires public\u00f3 el informe en el que eval\u00faa la adecuaci\u00f3n de las instituciones educativas respecto del plan de mitigaci\u00f3n de riesgos, donde concluye que \u201cno se ha aprobado aproximadamente ... https://t.co/Whe50Kfi8Y"
        }
    ],
    "meta": {
        "newest_id": "1407110786774966274",
        "next_token": "b26v89c19zqg8o3fpdg9g6dt9cq6tm356ghrfwd14msu5",
        "oldest_id": "1406797792731975683",
        "result_count": 100
    }
}