{
    "data": [
        {
            "id": "1403839387884982285",
            "text": "Muri\u00f3 el youtuber Alex Dragomir a los 17 a\u00f1os tras una operaci\u00f3n de coraz\u00f3n  https://t.co/NKCUNkasuT"
        },
        {
            "id": "1403834373653282817",
            "text": "Franco Armani dio negativo en coronavirus despu\u00e9s de 28 d\u00edas y podr\u00e1 viajar sin problemas a Brasil  https://t.co/sDt7QSp6gz"
        },
        {
            "id": "1403829230954221570",
            "text": "Reabren los cines y los teatros en la Ciudad: a partir de qu\u00e9 fecha y con qu\u00e9 protocolo \n\nPor Sabrina Sistro https://t.co/ZmYjceCHR1"
        },
        {
            "id": "1403825487663804417",
            "text": "Jair Bolsonaro volvi\u00f3 a desafiar a la pandemia y lider\u00f3 una masiva caravana de motoqueros en San Pablo  https://t.co/23qEGQoyoW"
        },
        {
            "id": "1403815721562427393",
            "text": "Jos\u00e9 C. Paz: atropell\u00f3 a un agente, lo arrastr\u00f3 dos cuadras sobre el cap\u00f3 y escap\u00f3  https://t.co/sm61cEdTxN"
        },
        {
            "id": "1403815106354503687",
            "text": "Monotributo: las 5 claves del nuevo proyecto para dar alivio a los peque\u00f1os contribuyentes  https://t.co/AbAZ8Z71om"
        },
        {
            "id": "1403814469453680642",
            "text": "El \u2018escudo humano\u2019 de los compa\u00f1eros de Eriksen y la desesperaci\u00f3n mundial: los desgarradores minutos en Copenhague  https://t.co/99VaRFZokF"
        },
        {
            "id": "1403813511575310337",
            "text": "Las diferencias de las restricciones en el AMBA: qu\u00e9 se puede y qu\u00e9 no en la Provincia y en la Ciudad de Buenos Aires  https://t.co/C5yElQQLeP"
        },
        {
            "id": "1403807397072846853",
            "text": "Coronavirus en la Argentina: informaron 447 muertes y 18.057 nuevos casos en 24 horas  https://t.co/e6VlMmu6Pg"
        },
        {
            "id": "1403806819710033928",
            "text": "El crimen de Tenerife: la jueza revel\u00f3 macabros detalles y cont\u00f3 que Gimeno mat\u00f3 a sus hijas para provocarle un inhumano dolor a la madre  https://t.co/qgF0aG9hG6"
        },
        {
            "id": "1403804771522318339",
            "text": "El \u00faltimo parte m\u00e9dico de Susana Gim\u00e9nez: \u201cEst\u00e1 compensando con mascarilla de ox\u00edgeno\u201d  https://t.co/aXf3xKSzlD"
        },
        {
            "id": "1403804154846453760",
            "text": "\u201cRecen por Christian\u201d: los mensajes de los jugadores tras el desmayo a Eriksen  https://t.co/tal0uEqgNI"
        },
        {
            "id": "1403795408380477445",
            "text": "Para prevenir futuras pandemias y enfrentar el avance de China, el G7 acord\u00f3 un fuerte plan de inversi\u00f3n para pa\u00edses de ingresos medios y bajos  https://t.co/xx4HNNoLHP"
        },
        {
            "id": "1403794129608380417",
            "text": "Vacunaci\u00f3n completa, gradualidad y protocolos: los gremios docentes desaf\u00edan a Axel Kicillof y pusieron varias condiciones para volver a las aulas  https://t.co/JNcJa39dqy"
        },
        {
            "id": "1403792852275150859",
            "text": "Este fin de semana en TN Autos te contamos lo que ten\u00e9s que revisar a la hora de comprar un usado  https://t.co/VkjX67aL6z"
        },
        {
            "id": "1403789811366965255",
            "text": "Qu\u00e9 hay detr\u00e1s del viaje de Sergio Massa a Estados Unidos: el pedido de Alberto Fern\u00e1ndez, reuniones en la Casa Blanca y el \u201cobjetivo FMI\u201d  https://t.co/6Tn6qnuzBu"
        },
        {
            "id": "1403789151384784896",
            "text": "Por pedido de los jugadores se reanud\u00f3 el partido tras la dram\u00e1tica descompensaci\u00f3n de Christian Eriksen  https://t.co/YAIX36De0I"
        },
        {
            "id": "1403787948416450571",
            "text": "Adri\u00e1n Barilari habl\u00f3 sobre su nuevo trabajo, su inter\u00e9s por el tango y un cl\u00e1sico de Rata Blanca que compuso en el ba\u00f1o\n\nPor Carlos Iogna Prat\n\n https://t.co/mFKcZYJGFs"
        },
        {
            "id": "1403785431163060225",
            "text": "Qu\u00e9 dice el decreto de las restricciones que ser\u00e1 prorrogado por el Gobierno hasta el 25 de junio\n\n https://t.co/MH8UF3XwyT"
        },
        {
            "id": "1403784192207601667",
            "text": "Qu\u00e9 dice el primer parte m\u00e9dico de Christian Eriksen, el futbolista que se desvaneci\u00f3 en pleno partido  https://t.co/E27sZrALnW"
        },
        {
            "id": "1403782914161135620",
            "text": "Dejaron el porno por la explotaci\u00f3n que sufr\u00edan y ahora son influencers millonarias: la historia de Lana Rhoades, Sasha Grey y Mia Khalifa\n\nPor Mart\u00edn Pazos\n\n https://t.co/Qn4so2duFS"
        },
        {
            "id": "1403780397276803072",
            "text": "Creen que el \u201cmonstruo de Tenerife\u201d drog\u00f3 a sus hijas antes de tirarlas al mar\n\n https://t.co/ymfz1MrZtr"
        },
        {
            "id": "1403779760199815178",
            "text": "Una saxofonista, un nene de 7 a\u00f1os y un video viral que les cambi\u00f3 la vida a ambos\n\n https://t.co/tCXo72kamV"
        },
        {
            "id": "1403775960751775747",
            "text": "De trabajar con Marcelo Tinelli a vender pizzas y empanadas en Espa\u00f1a: la nueva vida de Manuel Navarrete\n\n https://t.co/9cPw16wqUP"
        },
        {
            "id": "1403774183759396866",
            "text": "El duro relato de Caruso Lombardi sobre su internaci\u00f3n por coronavirus: \u201cMe atendieron m\u00e9dicos que no ten\u00edan ni una dosis\u201d  https://t.co/htzTEYncr6"
        },
        {
            "id": "1403768870423482377",
            "text": "Marcelo Tinelli se emocion\u00f3 al explicar c\u00f3mo evoluciona Soledad Aquino: \u201cS\u00e9 que me escucha cuando le hablo\u201d  https://t.co/rMRJE17Feb"
        },
        {
            "id": "1403766886031147016",
            "text": "El Mercado Central dio una ins\u00f3lita explicaci\u00f3n por el esc\u00e1ndalo de las donaciones de basura: \u201cEs un montaje\u201d  https://t.co/uo2SJSjuD5"
        },
        {
            "id": "1403764039839268866",
            "text": "Tr\u00e1mite caro: para divorciarse en la Ciudad, hacen falta al menos $62.000 para comenzar el papeleo\n\n https://t.co/SXbXrOqJ1d"
        },
        {
            "id": "1403763263674863619",
            "text": "Cu\u00e1les son los distritos de provincia de Buenos Aires en Fase 3 y qu\u00e9 actividades estar\u00e1n permitidas  https://t.co/OhNhsCc3AC"
        },
        {
            "id": "1403761875754569730",
            "text": "El desaf\u00edo de correr 100 millas en Villa La Angostura \n\nPor Federico Sanchez Parodi https://t.co/4xbvsuoiYV"
        },
        {
            "id": "1403761522803757058",
            "text": "C\u00f3mo guardar tus fotos privadas en el celular en forma segura\n\n https://t.co/hJI4W62Bam"
        },
        {
            "id": "1403759577372504074",
            "text": "Buscan en Uruguay a una profesora de yoga argentina que hab\u00eda denunciado a su expareja por violencia de g\u00e9nero  https://t.co/RSUHdJKcxY"
        },
        {
            "id": "1403759060151844874",
            "text": "\u201cThe Bold Type\u201d, la serie que recorre las aventuras de tres amigas en una importante revista femenina\n\nPor Cecilia Absatz\n\n https://t.co/nsz5rJI2Gg"
        },
        {
            "id": "1403759036990906373",
            "text": "Israel es el primer pa\u00eds que proh\u00edbe el comercio de pieles para la moda\n\n https://t.co/5U6EoJLNvk"
        },
        {
            "id": "1403758889808564236",
            "text": "Conmoci\u00f3n: un jugador de Dinamarca se desplom\u00f3 en pleno partido de la Eurocopa y le realizan reanimaci\u00f3n cardiopulmonar  https://t.co/Wm2lwamMJi"
        },
        {
            "id": "1403747682783465477",
            "text": "Marcos dej\u00f3 Recoleta y la posibilidad de un ascenso laboral para cumplir su sue\u00f1o: desde hace ocho meses recorre la Argentina a caballo\n\n https://t.co/mZT2WVO6g2"
        },
        {
            "id": "1403746974373974019",
            "text": "De la reina Isabel a Brigitte Macron y Jill Biden: los looks en el G7  https://t.co/dfAsnaM4o3"
        },
        {
            "id": "1403744429719101444",
            "text": "Aguinaldo 2021: todo lo que hay que saber sobre el pago del salario complementario  https://t.co/R6omGlM56P"
        },
        {
            "id": "1403743765215522820",
            "text": "Laurita Fern\u00e1ndez vuelve a la conducci\u00f3n con \u201cEl club de las divorciadas\u201d: \u201cLo que aprendo en el programa lo aplico en la vida\u201d \n\nPor Natalia Sasso https://t.co/SJg6MBPbKF"
        },
        {
            "id": "1403742660125466627",
            "text": "Lali Esp\u00f3sito se inspir\u00f3 en Gat\u00fabela con su \u00faltimo look engomado  https://t.co/MXtHm8XygE"
        },
        {
            "id": "1403741977846374400",
            "text": "Ricky Martin estren\u00f3 videoclip: la impronta de sus trajes elegantes  https://t.co/2VtJoRobVU"
        },
        {
            "id": "1403738621098835970",
            "text": "La Selecci\u00f3n de Venezuela detect\u00f3 12 casos de coronavirus a horas del debut en la Copa Am\u00e9rica ante Brasil  https://t.co/dHJfcTBshx"
        },
        {
            "id": "1403733750647820291",
            "text": "La incre\u00edble historia de Rogelio Funes Mori, de ser el m\u00e1s criticado en River a la chance de jugar en la Selecci\u00f3n de M\u00e9xico  https://t.co/7ljdQJbjRf"
        },
        {
            "id": "1403726989039656964",
            "text": "Adri\u00e1n Barilari habl\u00f3 sobre su nuevo trabajo, su inter\u00e9s por el tango, y un cl\u00e1sico de Rata Blanca que compuso en el ba\u00f1o\n\nPor Carlos Iogna Prat\n\n https://t.co/mFKcZYJGFs"
        },
        {
            "id": "1403725403496275973",
            "text": "El lenguaje inclusivo siempre hace ruido\n\nPor Silvana Stabielli\n\n https://t.co/N2WlLfKHFo"
        },
        {
            "id": "1403723773258440713",
            "text": "El mapa epidemiol\u00f3gico en el inicio del nuevo DNU: el pol\u00e9mico dato de Axel Kicillof para la vuelta a las aulas y la situaci\u00f3n en el resto del pa\u00eds\n\nPor Mariano L\u00f3pez Blasco https://t.co/JQhCuSSYhB"
        },
        {
            "id": "1403721438251585546",
            "text": "La Provincia confirm\u00f3 que abrir\u00e1n los shoppings en distritos del conurbano que est\u00e9n en Fase 3  https://t.co/H3TTPKKJ81"
        },
        {
            "id": "1403721263198216194",
            "text": "La mujer que consigui\u00f3 la condena hist\u00f3rica por sextorsi\u00f3n para el tatuador Patricio Pioli, reclama que se trate la ley para proteger a las v\u00edctimas\n\nPor Jos\u00e9 Inesta \n\n https://t.co/4FuhQy9cWi"
        },
        {
            "id": "1403718741280571398",
            "text": "Pandemia: resiliencia, s\u00edntomas y lazo social\n\nPor Federico Li\u00f1ares\n\n https://t.co/T7AUJG6j1P"
        },
        {
            "id": "1403718194905366532",
            "text": "Creen que el \u201cmonstruo de Tenerife\u201d drog\u00f3 a sus hijas antes de tirarlas al mar  https://t.co/BiOoyEnYD4"
        },
        {
            "id": "1403717256559927298",
            "text": "Pregunta a la oposici\u00f3n: antes de pelear candidaturas, \u00bfno necesitan un nuevo \u201crelato\u201d?\n\nPor Diego Dillenberger\n\n https://t.co/lDBvJou3qF"
        },
        {
            "id": "1403716224618569730",
            "text": "El motivo que le impide a Susana Gim\u00e9nez volver a la Argentina\n\n https://t.co/Te7v28LDoD"
        },
        {
            "id": "1403713584408969221",
            "text": "Delfina Gerez Bosco descubri\u00f3 que ten\u00eda un tumor de 750 gramos y cont\u00f3 su calvario  https://t.co/2y5PUrKMx5"
        },
        {
            "id": "1403710213853700099",
            "text": "Durazno, un cultivo con potencial industrial\n\nhttps://t.co/CoKUorVlEd\n\n[ @DIA_Argentina @garbarino @RenaultAr | #BrandNews ] \n\n#garantiadeconfianza #masdeloqueimaginas #renaultlife"
        },
        {
            "id": "1403708606827175947",
            "text": "Federico Delbonis sorprendi\u00f3 y se baj\u00f3 de los Juegos Ol\u00edmpicos con una sincera publicaci\u00f3n en Instagram  https://t.co/yqnMEL0GKE"
        },
        {
            "id": "1403707954944225280",
            "text": "El Durazno, un cultivo con potencial industrial: desde Mendoza, Argentina se posiciona como uno de los principales productores del Mercosur\n\n[ @DIA_Argentina @garbarino @RenaultArg | #BrandNews] \n\n#garantiadeconfianza #masdeloqueimaginas #renaultlife https://t.co/6m4i04lx8X"
        },
        {
            "id": "1403706790374690823",
            "text": "Una saxofonista, un nene de 7 a\u00f1os y un video viral que les cambi\u00f3 la vida a ambos\n\nPor Anal\u00eda Kupersmit\n\n https://t.co/tCXo72kamV"
        },
        {
            "id": "1403705629160751108",
            "text": "Israel es el primer pa\u00eds que proh\u00edbe el comercio de pieles para la moda  https://t.co/KoDxlaeO45"
        },
        {
            "id": "1403704537332998148",
            "text": "Santiago Cafiero cruz\u00f3 a Horacio Rodr\u00edguez Larreta por las aperturas en la Ciudad: \u201cInsiste con actividades que no est\u00e1n permitidas\u201d  https://t.co/PMQN6I7d00"
        },
        {
            "id": "1403704075754127365",
            "text": "El youtuber Yao Cabrera lanz\u00f3 un desesperado pedido de ayuda despu\u00e9s de que el Chino Maidana aceptara pelear contra \u00e9l\n\n https://t.co/SyF8i9C0SH"
        },
        {
            "id": "1403700494564986885",
            "text": "Las 6 razones para comer lechuga a diario  https://t.co/DYUTaH0Y4y"
        },
        {
            "id": "1403699868804206593",
            "text": "El gobierno y su complicada relaci\u00f3n con el campo: \u00bfdivide y vencer\u00e1s?\n\nPor Sergio  Berensztein\n\n https://t.co/dh2cpqGnTI"
        },
        {
            "id": "1403699830740992003",
            "text": "Subastaron un personaje digital en formato NFT por US$11.7 millones  https://t.co/d1sTD7kGVV"
        },
        {
            "id": "1403698977955102726",
            "text": "De trabajar con Marcelo Tinelli a vender pizzas y empanadas en Espa\u00f1a: la nueva vida de Manuel Navarrete  https://t.co/nEYUNRKm3P"
        },
        {
            "id": "1403698643006332931",
            "text": "La Prefectura se retir\u00f3 de los barrios 21-24 y Zavaleta, el asentamiento m\u00e1s grande de la Ciudad\n\nPor Cecilia Di Lodovico\n\n https://t.co/CxPK5sTyFm"
        },
        {
            "id": "1403698342241226756",
            "text": "Curvas y smokey swirls: lo \u00faltimo en el mundo de la manicura  https://t.co/3s0VuuepKt"
        },
        {
            "id": "1403697351840178177",
            "text": "Radiograf\u00eda del Monotributo: cu\u00e1ntos son, qu\u00e9 categor\u00eda se usa m\u00e1s y qu\u00e9 beneficios tendr\u00e1n con el nuevo proyecto\n\nPor Paula L\u00f3pez\n\n https://t.co/YRPFgXHQaY"
        },
        {
            "id": "1403696090386518017",
            "text": "Aumentaron los casos de trabajo infantil en la Argentina durante la pandemia\n\nPor Alejandra Perinetti\n\n https://t.co/2R7KmFhcRp"
        },
        {
            "id": "1403694834372726786",
            "text": "La historia detr\u00e1s del tierno video protagonizado por una saxofonista y un nene de siete a\u00f1os\n\nPor Anal\u00eda Kupersmit\n\n https://t.co/tCXo72kamV"
        },
        {
            "id": "1403694824344141829",
            "text": "C\u00f3mo guardar tus fotos privadas en el celular en forma segura  https://t.co/WCxwSjOwUD"
        },
        {
            "id": "1403693575947358210",
            "text": "Dejaron el porno por la explotaci\u00f3n que sufr\u00edan y ahora son influencers millonarias: la historia de Lana Rhoades, Sasha Grey y Mia Khalifa\n\n https://t.co/Qn4so2duFS"
        },
        {
            "id": "1403692921010933766",
            "text": "C\u00f3mo preparar un aut\u00e9ntico dulce de leche  https://t.co/wNK2dxFK4E"
        },
        {
            "id": "1403692314296471558",
            "text": "El d\u00eda que Menem ech\u00f3 de Olivos a Zulema Yoma y sus hijos\n\nPor Julio Baz\u00e1n\n\n https://t.co/ABGWnT7EQg"
        },
        {
            "id": "1403691066272931840",
            "text": "Gu\u00eda del fin de semana: estrenos de series, festival de cine ruso y un encuentro virtual que combina los libros y el vino\n\nPor Alejandra Pe\u00f1alva\n\n https://t.co/vLoRJv3RqD"
        },
        {
            "id": "1403690288103800835",
            "text": "Michelle Salas y Macarena Achaga coinciden en looks de cuero negro  https://t.co/VGoIWrbAZy"
        },
        {
            "id": "1403690250979905541",
            "text": "\u00bfTen\u00e9s un emprendimiento y quer\u00e9s cobrar con tarjeta? Estas aplicaciones lo hacen posible\n\nPor Melina Manfredi\n\n https://t.co/7ibO8krRvr"
        },
        {
            "id": "1403689801031823361",
            "text": "Habl\u00f3 la ex del nuevo novio de Nicole Neumann: \u201cNos cruzamos y fue una situaci\u00f3n horrorosa\u201d\n\n https://t.co/YFddRehqHk"
        },
        {
            "id": "1403688542476419072",
            "text": "Jair Bolsonaro volvi\u00f3 a burlarse de Alberto Fern\u00e1ndez: \u201c\u00bfD\u00f3nde est\u00e1 el grito de Tarz\u00e1n?\u201d\n\nhttps://t.co/Pc6bsCVRVI"
        },
        {
            "id": "1403687285674196993",
            "text": "La esposa de Pablo muri\u00f3 por covid d\u00edas despu\u00e9s de dar a luz a mellizos: otro pap\u00e1 se conmovi\u00f3 con su historia y arm\u00f3 una gran red de solidaridad\n\nPor Gustavo Tubio\n\n https://t.co/Hkk0CPRMqN"
        },
        {
            "id": "1403684883290066947",
            "text": "C\u00f3mo armar una tarjeta para el d\u00eda del padre en casa  https://t.co/68l5eBcer4"
        },
        {
            "id": "1403684766176645126",
            "text": "Los vecinos olvidados del barrio La Ribera: hace 20 a\u00f1os piden luz y agua potable y nadie los escucha\n\nPor Mart\u00edn Ciccioli\n\n https://t.co/RQ8gdvZyHq"
        },
        {
            "id": "1403684042537680901",
            "text": "Alicia Silverstone recre\u00f3 su inolvidable look escoc\u00e9s amarillo de la pel\u00edcula \u201cClueless\u201d  https://t.co/b8kW29ZL11"
        },
        {
            "id": "1403683376750530567",
            "text": "Denver Nuggets cay\u00f3 ante Phoenix Suns y el equipo de Facu Campazzo qued\u00f3 al borde de la eliminaci\u00f3n en la NBA  https://t.co/gGiBREsJmN"
        },
        {
            "id": "1403682545947099137",
            "text": "C\u00f3mo ser\u00e1 el regreso a las clases presenciales en la Provincia y qu\u00e9 discutir\u00e1 Axel Kicillof con los gremios docentes  https://t.co/FLr2ILtzMt"
        },
        {
            "id": "1403682249397125120",
            "text": "Mat\u00edas Al\u00e9 cont\u00f3 que se vacun\u00f3 por ser de riesgo y Chiche Gelblung lo cruz\u00f3: \u201cEso no es una enfermedad\u201d\n\n https://t.co/I5zeVtELqh"
        },
        {
            "id": "1403679731984306181",
            "text": "Cepa Delta: por qu\u00e9 una posible tercera ola de coronavirus empieza a ser una preocupaci\u00f3n en Gran Breta\u00f1a, Brasil y EEUU\n\n https://t.co/f5OQKMy0EQ"
        },
        {
            "id": "1403678369968005131",
            "text": "Panchos gourmet: cu\u00e1les son los mejores toppings para los argentinos  https://t.co/9GaEv9nohm"
        },
        {
            "id": "1403677754080563203",
            "text": "Para evitar el ingreso de nuevas cepas de coronavirus, el Gobierno redujo los vuelos de Europa y restringi\u00f3 otros destinos  https://t.co/DO7lx2timo"
        },
        {
            "id": "1403677218455404550",
            "text": "Patricio Gim\u00e9nez hizo un pedido especial en las redes por la salud de Susana\n\n https://t.co/jJxWzmA3DE"
        },
        {
            "id": "1403674699570335747",
            "text": "Empez\u00f3 una nueva etapa de restricciones: qu\u00e9 se puede hacer y qu\u00e9 no en el AMBA\n\n https://t.co/lkBhqDviCR"
        },
        {
            "id": "1403674544473264128",
            "text": "Adri\u00e1n Barilari habl\u00f3 sobre su nuevo trabajo, su inter\u00e9s por el tango, y un cl\u00e1sico de Rata Blanca que compuso en el ba\u00f1o \n\nPor Carlos Iogna Prat https://t.co/2lSG1b7NNE"
        },
        {
            "id": "1403673443334242306",
            "text": "El lenguaje inclusivo siempre hace ruido\n\nPor Silvana Stabielli\n\n https://t.co/N2WlLfKHFo"
        },
        {
            "id": "1403673056460083204",
            "text": "Julieta Nair Calvo se afianza como influencer mostrando los abrigos del momento  https://t.co/6VShUBFaMo"
        },
        {
            "id": "1403672185387036675",
            "text": "La Justicia caratul\u00f3 como \u201cmuerte dudosa\u201d la causa de la mujer de 86 a\u00f1os que falleci\u00f3 tras darse la Sputnik V\n\n https://t.co/pj1yXI42a6"
        },
        {
            "id": "1403669689742630912",
            "text": "\u201c\u00bfYa nadie va a escuchar tu remera?\u201d: cu\u00e1les son las bandas que venden m\u00e1s merchandising  https://t.co/p6sMDr4jME"
        },
        {
            "id": "1403669392970465280",
            "text": "Los mayores de 60 a\u00f1os podr\u00e1n vacunarse sin turno en la provincia de Buenos Aires: desde cu\u00e1ndo rige y qu\u00e9 requisitos hay que cumplir\n\n https://t.co/EupHWHj6H4"
        },
        {
            "id": "1403668195932844032",
            "text": "\u201cCambios ilimitados\u201d: la Conmebol sorprendi\u00f3 y retoc\u00f3 el reglamento a horas del comienzo de la Copa Am\u00e9rica  https://t.co/MoSDjuWx80"
        },
        {
            "id": "1403666344403517443",
            "text": "Los jeans boyfriend derrotaron a los skinny y las famosas lo saben  https://t.co/Dy3yCMWxF5"
        },
        {
            "id": "1403664615331016704",
            "text": "Fher Olvera, de Man\u00e1, revela detalles del pr\u00f3ximo disco y de la vuelta a los escenarios en la boda de Canelo \u00c1lvarez \n\nPor Fernando Vigo https://t.co/CfR0hj3DCo"
        },
        {
            "id": "1403648101135564805",
            "text": "Dejaron el porno por la explotaci\u00f3n que sufr\u00edan y ahora son influencers millonarias: la historia de Lana Rhoades, Sasha Grey y Mia Khalifa \n\nPor Martin Pazos https://t.co/ceOga8bvfq"
        }
    ],
    "meta": {
        "newest_id": "1403839387884982285",
        "next_token": "b26v89c19zqg8o3fpdg86ndrg788wut8pjh437yzojerh",
        "oldest_id": "1403648101135564805",
        "result_count": 100
    }
}